date,n1,n2,n3,n4,n5,s1,s2
2004-02-13,16.0,29.0,32.0,36.0,41.0,7.0,9.0
2004-02-20,13.0,39.0,47.0,50.0,7.0,2.0,5.0
2004-02-27,14.0,18.0,19.0,31.0,37.0,4.0,5.0
2004-03-05,33.0,37.0,39.0,4.0,7.0,1.0,5.0
2004-03-12,15.0,24.0,28.0,44.0,47.0,4.0,5.0
2004-03-19,33.0,36.0,37.0,42.0,45.0,4.0,9.0
2004-03-26,10.0,23.0,3.0,4.0,43.0,2.0,4.0
2004-04-02,12.0,24.0,27.0,36.0,4.0,2.0,9.0
2004-04-09,1.0,10.0,19.0,23.0,4.0,2.0,8.0
2004-04-16,14.0,15.0,28.0,35.0,40.0,1.0,3.0
2004-04-23,10.0,21.0,45.0,49.0,6.0,3.0,5.0
2004-04-30,16.0,23.0,27.0,5.0,6.0,6.0,7.0
2004-05-07,15.0,16.0,21.0,36.0,38.0,1.0,5.0
2004-05-14,1.0,21.0,3.0,32.0,39.0,2.0,6.0
2004-05-21,15.0,29.0,37.0,39.0,49.0,4.0,9.0
2004-05-28,11.0,35.0,41.0,44.0,6.0,5.0,6.0
2004-06-04,13.0,34.0,41.0,42.0,9.0,3.0,7.0
2004-06-11,10.0,2.0,47.0,7.0,8.0,1.0,7.0
2004-06-18,2.0,23.0,28.0,40.0,43.0,2.0,6.0
2004-06-25,21.0,3.0,30.0,34.0,35.0,1.0,2.0
2004-07-02,23.0,24.0,28.0,34.0,4.0,1.0,3.0
2004-07-09,12.0,19.0,2.0,44.0,5.0,8.0,9.0
2004-07-16,24.0,26.0,31.0,38.0,50.0,5.0,8.0
2004-07-23,10.0,27.0,31.0,34.0,7.0,3.0,8.0
2004-07-30,10.0,19.0,37.0,50.0,9.0,1.0,6.0
2004-08-06,15.0,24.0,35.0,44.0,5.0,5.0,6.0
2004-08-13,20.0,27.0,41.0,43.0,50.0,5.0,8.0
2004-08-20,10.0,27.0,35.0,6.0,9.0,6.0,8.0
2004-08-27,1.0,11.0,22.0,28.0,44.0,1.0,9.0
2004-09-03,12.0,14.0,15.0,34.0,8.0,6.0,7.0
2004-09-10,25.0,33.0,36.0,38.0,5.0,2.0,5.0
2004-09-17,15.0,18.0,29.0,39.0,41.0,5.0,8.0
2004-09-24,21.0,26.0,27.0,44.0,48.0,1.0,7.0
2004-10-01,12.0,20.0,21.0,45.0,48.0,5.0,6.0
2004-10-08,1.0,10.0,12.0,16.0,48.0,2.0,6.0
2004-10-15,14.0,21.0,22.0,37.0,43.0,5.0,8.0
2004-10-22,1.0,23.0,25.0,40.0,9.0,3.0,9.0
2004-10-29,1.0,32.0,35.0,38.0,8.0,4.0,9.0
2004-11-05,19.0,25.0,42.0,49.0,6.0,1.0,7.0
2004-11-12,11.0,12.0,13.0,32.0,4.0,3.0,9.0
2004-11-19,1.0,18.0,29.0,34.0,37.0,2.0,6.0
2004-11-26,1.0,24.0,34.0,36.0,4.0,6.0,8.0
2004-12-03,1.0,11.0,15.0,42.0,49.0,3.0,4.0
2004-12-10,1.0,13.0,16.0,3.0,43.0,2.0,7.0
2004-12-17,15.0,19.0,22.0,46.0,49.0,2.0,9.0
2004-12-24,27.0,29.0,3.0,37.0,4.0,5.0,6.0
2004-12-31,24.0,25.0,47.0,7.0,8.0,8.0,9.0
2005-01-07,23.0,27.0,3.0,47.0,50.0,2.0,3.0
2005-01-14,11.0,14.0,19.0,29.0,6.0,1.0,3.0
2005-01-21,10.0,12.0,14.0,24.0,26.0,5.0,8.0
2005-01-28,21.0,26.0,43.0,45.0,7.0,5.0,7.0
2005-02-04,1.0,11.0,30.0,40.0,8.0,7.0,8.0
2005-02-11,11.0,13.0,25.0,32.0,50.0,4.0,7.0
2005-02-18,20.0,21.0,26.0,32.0,46.0,8.0,9.0
2005-02-25,27.0,3.0,30.0,43.0,44.0,4.0,8.0
2005-03-04,12.0,24.0,32.0,37.0,39.0,7.0,9.0
2005-03-11,12.0,23.0,40.0,43.0,8.0,1.0,4.0
2005-03-18,23.0,39.0,43.0,48.0,6.0,5.0,7.0
2005-03-25,29.0,33.0,37.0,38.0,4.0,6.0,9.0
2005-04-01,25.0,26.0,41.0,44.0,47.0,3.0,7.0
2005-04-08,11.0,25.0,31.0,50.0,7.0,1.0,3.0
2005-04-15,28.0,31.0,38.0,42.0,6.0,3.0,9.0
2005-04-22,10.0,13.0,24.0,3.0,47.0,5.0,9.0
2005-04-29,3.0,35.0,39.0,42.0,9.0,1.0,8.0
2005-05-06,12.0,21.0,26.0,44.0,7.0,6.0,8.0
2005-05-13,12.0,17.0,31.0,32.0,40.0,2.0,9.0
2005-05-20,13.0,28.0,47.0,6.0,7.0,5.0,8.0
2005-05-27,2.0,24.0,31.0,48.0,50.0,4.0,9.0
2005-06-03,11.0,17.0,3.0,50.0,8.0,1.0,5.0
2005-06-10,32.0,37.0,47.0,6.0,7.0,1.0,7.0
2005-06-17,10.0,18.0,21.0,4.0,8.0,1.0,7.0
2005-06-24,14.0,15.0,45.0,6.0,8.0,7.0,8.0
2005-07-01,23.0,25.0,28.0,4.0,5.0,3.0,4.0
2005-07-08,35.0,36.0,42.0,46.0,49.0,2.0,8.0
2005-07-15,1.0,11.0,12.0,23.0,42.0,3.0,6.0
2005-07-22,14.0,3.0,41.0,48.0,49.0,1.0,4.0
2005-07-29,19.0,26.0,3.0,49.0,50.0,4.0,5.0
2005-08-05,11.0,2.0,21.0,22.0,30.0,4.0,6.0
2005-08-12,15.0,23.0,30.0,37.0,40.0,7.0,9.0
2005-08-19,11.0,24.0,29.0,31.0,41.0,1.0,3.0
2005-08-26,29.0,35.0,40.0,41.0,9.0,1.0,6.0
2005-09-02,14.0,3.0,4.0,43.0,50.0,3.0,6.0
2005-09-09,12.0,19.0,31.0,50.0,8.0,6.0,7.0
2005-09-16,12.0,13.0,19.0,21.0,38.0,3.0,9.0
2005-09-23,1.0,26.0,31.0,34.0,47.0,4.0,9.0
2005-09-30,11.0,47.0,48.0,50.0,6.0,1.0,6.0
2005-10-07,13.0,2.0,21.0,26.0,44.0,3.0,9.0
2005-10-14,10.0,11.0,19.0,20.0,23.0,1.0,6.0
2005-10-21,1.0,14.0,19.0,29.0,33.0,1.0,8.0
2005-10-28,14.0,36.0,44.0,47.0,50.0,3.0,5.0
2005-11-04,26.0,36.0,37.0,38.0,42.0,2.0,6.0
2005-11-11,15.0,16.0,36.0,41.0,42.0,3.0,5.0
2005-11-18,17.0,18.0,25.0,34.0,48.0,2.0,3.0
2005-11-25,1.0,27.0,39.0,47.0,6.0,1.0,6.0
2005-12-02,1.0,20.0,23.0,30.0,9.0,4.0,7.0
2005-12-09,11.0,18.0,35.0,38.0,42.0,1.0,5.0
2005-12-16,15.0,18.0,2.0,3.0,32.0,6.0,7.0
2005-12-23,15.0,31.0,36.0,37.0,42.0,1.0,7.0
2005-12-30,16.0,19.0,43.0,45.0,8.0,1.0,4.0
2006-01-06,14.0,2.0,26.0,6.0,9.0,4.0,5.0
2006-01-13,12.0,19.0,33.0,34.0,8.0,1.0,6.0
2006-01-20,12.0,15.0,33.0,44.0,50.0,2.0,6.0
2006-01-27,15.0,21.0,40.0,49.0,9.0,1.0,4.0
2006-02-03,21.0,30.0,39.0,50.0,9.0,1.0,3.0
2006-02-10,38.0,48.0,5.0,50.0,6.0,6.0,7.0
2006-02-17,23.0,24.0,26.0,38.0,4.0,2.0,4.0
2006-02-24,1.0,11.0,18.0,19.0,47.0,3.0,7.0
2006-03-03,10.0,3.0,44.0,5.0,8.0,3.0,5.0
2006-03-10,1.0,21.0,33.0,45.0,49.0,4.0,8.0
2006-03-17,32.0,44.0,45.0,5.0,50.0,1.0,7.0
2006-03-24,17.0,28.0,33.0,35.0,47.0,4.0,9.0
2006-03-31,20.0,3.0,31.0,45.0,50.0,6.0,7.0
2006-04-07,12.0,13.0,29.0,44.0,50.0,4.0,5.0
2006-04-14,16.0,26.0,34.0,35.0,49.0,2.0,6.0
2006-04-21,1.0,20.0,22.0,37.0,46.0,1.0,9.0
2006-04-28,10.0,17.0,22.0,33.0,5.0,5.0,7.0
2006-05-05,14.0,16.0,4.0,50.0,8.0,3.0,9.0
2006-05-12,20.0,23.0,34.0,5.0,50.0,1.0,5.0
2006-05-19,25.0,3.0,34.0,49.0,5.0,5.0,8.0
2006-05-26,12.0,2.0,21.0,41.0,49.0,3.0,7.0
2006-06-02,27.0,41.0,48.0,7.0,8.0,1.0,6.0
2006-06-09,12.0,15.0,3.0,34.0,39.0,4.0,6.0
2006-06-16,1.0,16.0,26.0,30.0,36.0,3.0,9.0
2006-06-23,21.0,30.0,43.0,44.0,9.0,1.0,9.0
2006-06-30,15.0,16.0,40.0,43.0,6.0,1.0,2.0
2006-07-07,18.0,35.0,43.0,7.0,9.0,5.0,7.0
2006-07-14,1.0,17.0,31.0,36.0,7.0,2.0,8.0
2006-07-21,2.0,38.0,4.0,50.0,9.0,6.0,8.0
2006-07-28,12.0,29.0,3.0,43.0,8.0,6.0,7.0
2006-08-04,1.0,14.0,15.0,26.0,32.0,3.0,7.0
2006-08-11,27.0,28.0,31.0,46.0,47.0,2.0,5.0
2006-08-18,12.0,37.0,39.0,40.0,50.0,1.0,2.0
2006-08-25,10.0,28.0,40.0,47.0,48.0,6.0,8.0
2006-09-01,25.0,3.0,45.0,50.0,7.0,6.0,9.0
2006-09-08,1.0,10.0,12.0,32.0,33.0,1.0,8.0
2006-09-15,10.0,16.0,26.0,49.0,6.0,7.0,9.0
2006-09-22,10.0,29.0,30.0,45.0,49.0,3.0,8.0
2006-09-29,1.0,18.0,24.0,3.0,6.0,5.0,8.0
2006-10-06,11.0,22.0,35.0,38.0,5.0,7.0,8.0
2006-10-13,2.0,25.0,32.0,38.0,41.0,3.0,5.0
2006-10-20,10.0,19.0,34.0,45.0,47.0,3.0,6.0
2006-10-27,3.0,4.0,44.0,50.0,8.0,7.0,8.0
2006-11-03,11.0,13.0,24.0,44.0,49.0,3.0,9.0
2006-11-10,14.0,21.0,27.0,30.0,36.0,2.0,3.0
2006-11-17,12.0,22.0,32.0,33.0,36.0,2.0,6.0
2006-11-24,17.0,25.0,40.0,5.0,8.0,1.0,5.0
2006-12-01,16.0,37.0,4.0,41.0,8.0,2.0,5.0
2006-12-08,16.0,17.0,18.0,36.0,47.0,1.0,2.0
2006-12-15,23.0,35.0,37.0,42.0,9.0,3.0,7.0
2006-12-22,11.0,20.0,38.0,43.0,9.0,2.0,3.0
2006-12-29,13.0,14.0,35.0,6.0,9.0,3.0,4.0
2007-01-05,17.0,19.0,29.0,36.0,45.0,5.0,6.0
2007-01-12,11.0,14.0,19.0,25.0,8.0,3.0,5.0
2007-01-19,13.0,27.0,33.0,42.0,5.0,2.0,4.0
2007-01-26,11.0,15.0,23.0,30.0,38.0,4.0,9.0
2007-02-02,14.0,23.0,27.0,30.0,36.0,1.0,6.0
2007-02-09,14.0,16.0,30.0,36.0,46.0,2.0,8.0
2007-02-16,19.0,20.0,39.0,50.0,8.0,6.0,9.0
2007-02-23,15.0,18.0,2.0,20.0,22.0,2.0,5.0
2007-03-02,16.0,3.0,34.0,38.0,48.0,5.0,8.0
2007-03-09,2.0,25.0,3.0,43.0,48.0,6.0,9.0
2007-03-16,14.0,31.0,4.0,45.0,49.0,4.0,9.0
2007-03-23,13.0,17.0,40.0,43.0,5.0,1.0,3.0
2007-03-30,17.0,19.0,41.0,46.0,9.0,1.0,8.0
2007-04-06,15.0,23.0,29.0,41.0,48.0,3.0,6.0
2007-04-13,20.0,25.0,38.0,41.0,7.0,3.0,7.0
2007-04-20,23.0,26.0,32.0,41.0,45.0,3.0,7.0
2007-04-27,18.0,27.0,36.0,44.0,7.0,1.0,2.0
2007-05-04,17.0,35.0,41.0,45.0,6.0,1.0,5.0
2007-05-11,12.0,26.0,29.0,49.0,7.0,2.0,6.0
2007-05-18,26.0,34.0,37.0,39.0,49.0,2.0,6.0
2007-05-25,25.0,26.0,29.0,49.0,50.0,7.0,8.0
2007-06-01,22.0,37.0,41.0,42.0,6.0,6.0,9.0
2007-06-08,1.0,15.0,17.0,25.0,45.0,2.0,8.0
2007-06-15,14.0,21.0,40.0,5.0,7.0,3.0,8.0
2007-06-22,11.0,16.0,17.0,22.0,34.0,5.0,6.0
2007-06-29,12.0,28.0,33.0,45.0,8.0,1.0,3.0
2007-07-06,19.0,39.0,4.0,41.0,5.0,8.0,9.0
2007-07-13,13.0,15.0,31.0,48.0,9.0,3.0,6.0
2007-07-20,10.0,21.0,25.0,26.0,50.0,4.0,9.0
2007-07-27,1.0,21.0,29.0,4.0,41.0,7.0,8.0
2007-08-03,10.0,30.0,33.0,37.0,41.0,1.0,8.0
2007-08-10,23.0,40.0,42.0,43.0,49.0,2.0,6.0
2007-08-17,13.0,2.0,3.0,38.0,42.0,7.0,8.0
2007-08-24,1.0,16.0,3.0,42.0,48.0,2.0,3.0
2007-08-31,18.0,22.0,23.0,37.0,6.0,5.0,6.0
2007-09-07,2.0,3.0,33.0,34.0,42.0,3.0,5.0
2007-09-14,11.0,29.0,33.0,5.0,9.0,7.0,9.0
2007-09-21,1.0,17.0,32.0,35.0,37.0,1.0,8.0
2007-09-28,22.0,30.0,34.0,35.0,44.0,4.0,5.0
2007-10-05,11.0,20.0,27.0,35.0,44.0,2.0,5.0
2007-10-12,21.0,32.0,36.0,46.0,47.0,3.0,4.0
2007-10-19,18.0,34.0,35.0,40.0,7.0,7.0,8.0
2007-10-26,20.0,38.0,40.0,43.0,7.0,1.0,8.0
2007-11-02,16.0,18.0,19.0,3.0,40.0,1.0,2.0
2007-11-09,14.0,22.0,25.0,36.0,5.0,5.0,6.0
2007-11-16,18.0,23.0,33.0,37.0,9.0,1.0,8.0
2007-11-23,10.0,2.0,22.0,29.0,48.0,3.0,9.0
2007-11-30,12.0,19.0,20.0,30.0,38.0,7.0,9.0
2007-12-07,2.0,32.0,4.0,43.0,48.0,1.0,7.0
2007-12-14,25.0,30.0,36.0,44.0,8.0,3.0,4.0
2007-12-21,28.0,37.0,44.0,7.0,9.0,6.0,7.0
2007-12-28,20.0,21.0,22.0,31.0,45.0,7.0,9.0
2008-01-04,10.0,12.0,24.0,25.0,41.0,3.0,5.0
2008-01-11,24.0,36.0,49.0,50.0,8.0,4.0,8.0
2008-01-18,14.0,16.0,23.0,40.0,46.0,4.0,8.0
2008-01-25,19.0,2.0,45.0,6.0,9.0,7.0,8.0
2008-02-01,22.0,30.0,45.0,47.0,49.0,4.0,9.0
2008-02-08,17.0,28.0,30.0,38.0,44.0,1.0,4.0
2008-02-15,12.0,27.0,29.0,45.0,46.0,4.0,7.0
2008-02-22,27.0,32.0,4.0,46.0,50.0,8.0,9.0
2008-02-29,12.0,37.0,40.0,47.0,49.0,2.0,9.0
2008-03-07,14.0,17.0,2.0,35.0,7.0,1.0,6.0
2008-03-14,13.0,21.0,25.0,35.0,48.0,4.0,8.0
2008-03-21,10.0,18.0,2.0,22.0,36.0,4.0,6.0
2008-03-28,17.0,29.0,39.0,5.0,9.0,3.0,6.0
2008-04-04,11.0,13.0,18.0,37.0,47.0,1.0,6.0
2008-04-11,25.0,30.0,45.0,50.0,6.0,5.0,7.0
2008-04-18,27.0,3.0,50.0,6.0,7.0,5.0,9.0
2008-04-25,19.0,26.0,27.0,30.0,4.0,3.0,8.0
2008-05-02,2.0,26.0,37.0,45.0,48.0,4.0,8.0
2008-05-09,40.0,42.0,45.0,8.0,9.0,6.0,7.0
2008-05-16,15.0,25.0,38.0,6.0,9.0,4.0,9.0
2008-05-23,19.0,21.0,38.0,5.0,9.0,1.0,7.0
2008-05-30,14.0,20.0,49.0,5.0,7.0,2.0,8.0
2008-06-06,19.0,21.0,40.0,50.0,7.0,2.0,9.0
2008-06-13,13.0,16.0,37.0,44.0,50.0,1.0,9.0
2008-06-20,11.0,36.0,37.0,45.0,8.0,3.0,5.0
2008-06-27,20.0,26.0,44.0,5.0,50.0,5.0,7.0
2008-07-04,19.0,22.0,27.0,48.0,7.0,5.0,7.0
2008-07-11,11.0,13.0,19.0,37.0,9.0,3.0,4.0
2008-07-18,10.0,14.0,16.0,29.0,44.0,5.0,6.0
2008-07-25,11.0,15.0,24.0,29.0,7.0,2.0,7.0
2008-08-01,1.0,22.0,25.0,40.0,50.0,1.0,8.0
2008-08-08,15.0,16.0,4.0,45.0,5.0,4.0,7.0
2008-08-15,11.0,17.0,18.0,26.0,31.0,5.0,6.0
2008-08-22,27.0,29.0,39.0,50.0,7.0,5.0,7.0
2008-08-29,2.0,20.0,25.0,37.0,39.0,5.0,8.0
2008-09-05,12.0,16.0,17.0,39.0,7.0,3.0,8.0
2008-09-12,19.0,23.0,33.0,37.0,50.0,3.0,7.0
2008-09-19,14.0,16.0,19.0,20.0,31.0,6.0,9.0
2008-09-26,14.0,29.0,31.0,33.0,37.0,1.0,2.0
2008-10-03,13.0,19.0,23.0,38.0,4.0,2.0,3.0
2008-10-10,15.0,22.0,31.0,4.0,41.0,1.0,6.0
2008-10-17,10.0,12.0,3.0,42.0,50.0,1.0,5.0
2008-10-24,15.0,16.0,17.0,45.0,7.0,6.0,9.0
2008-10-31,18.0,25.0,3.0,34.0,41.0,2.0,5.0
2008-11-07,1.0,12.0,17.0,18.0,9.0,3.0,4.0
2008-11-14,10.0,14.0,21.0,26.0,8.0,3.0,4.0
2008-11-21,14.0,21.0,49.0,50.0,9.0,3.0,8.0
2008-11-28,11.0,16.0,25.0,41.0,8.0,2.0,4.0
2008-12-05,21.0,35.0,4.0,45.0,8.0,5.0,8.0
2008-12-12,19.0,2.0,28.0,42.0,49.0,2.0,7.0
2008-12-19,28.0,29.0,40.0,46.0,50.0,5.0,7.0
2008-12-26,1.0,2.0,26.0,44.0,50.0,1.0,7.0
2009-01-02,29.0,30.0,36.0,37.0,48.0,1.0,6.0
2009-01-09,15.0,22.0,28.0,48.0,7.0,1.0,4.0
2009-01-16,17.0,22.0,3.0,49.0,50.0,3.0,6.0
2009-01-23,32.0,33.0,36.0,40.0,49.0,2.0,8.0
2009-01-30,29.0,34.0,35.0,4.0,46.0,5.0,8.0
2009-02-06,10.0,20.0,30.0,36.0,40.0,3.0,5.0
2009-02-13,22.0,33.0,36.0,40.0,42.0,1.0,2.0
2009-02-20,12.0,13.0,14.0,48.0,9.0,1.0,2.0
2009-02-27,37.0,44.0,45.0,5.0,9.0,6.0,9.0
2009-03-06,13.0,17.0,19.0,25.0,35.0,5.0,6.0
2009-03-13,12.0,24.0,26.0,36.0,42.0,1.0,4.0
2009-03-20,12.0,16.0,23.0,31.0,35.0,4.0,6.0
2009-03-27,25.0,33.0,36.0,38.0,42.0,6.0,7.0
2009-04-03,2.0,20.0,24.0,32.0,46.0,1.0,9.0
2009-04-10,14.0,16.0,37.0,46.0,9.0,2.0,4.0
2009-04-17,21.0,4.0,44.0,47.0,7.0,1.0,5.0
2009-04-24,14.0,21.0,24.0,4.0,41.0,5.0,8.0
2009-05-01,19.0,31.0,38.0,47.0,5.0,3.0,5.0
2009-05-08,23.0,24.0,29.0,31.0,4.0,8.0,9.0
2009-05-15,18.0,19.0,20.0,42.0,8.0,5.0,9.0
2009-05-22,13.0,14.0,33.0,4.0,43.0,1.0,6.0
2009-05-29,2.0,30.0,37.0,47.0,5.0,3.0,6.0
2009-06-05,11.0,19.0,26.0,35.0,40.0,2.0,5.0
2009-06-12,14.0,16.0,34.0,50.0,6.0,4.0,6.0
2009-06-19,16.0,17.0,20.0,29.0,4.0,5.0,7.0
2009-06-26,11.0,21.0,30.0,39.0,6.0,2.0,8.0
2009-07-03,21.0,29.0,34.0,46.0,47.0,6.0,8.0
2009-07-10,16.0,20.0,42.0,46.0,6.0,1.0,6.0
2009-07-17,17.0,2.0,32.0,50.0,8.0,3.0,7.0
2009-07-24,14.0,15.0,25.0,35.0,47.0,5.0,9.0
2009-07-31,20.0,21.0,26.0,5.0,9.0,3.0,6.0
2009-08-07,10.0,20.0,22.0,24.0,31.0,2.0,7.0
2009-08-14,24.0,30.0,49.0,5.0,8.0,3.0,9.0
2009-08-21,16.0,31.0,4.0,42.0,7.0,3.0,5.0
2009-08-28,36.0,37.0,41.0,49.0,8.0,5.0,7.0
2009-09-04,20.0,38.0,39.0,6.0,9.0,3.0,9.0
2009-09-11,12.0,15.0,35.0,42.0,43.0,4.0,6.0
2009-09-18,16.0,30.0,38.0,41.0,6.0,2.0,4.0
2009-09-25,17.0,18.0,21.0,34.0,6.0,3.0,9.0
2009-10-02,22.0,23.0,24.0,29.0,44.0,1.0,5.0
2009-10-09,11.0,29.0,46.0,50.0,7.0,4.0,7.0
2009-10-16,12.0,23.0,30.0,31.0,47.0,3.0,4.0
2009-10-23,18.0,20.0,29.0,31.0,6.0,2.0,8.0
2009-10-30,33.0,35.0,38.0,40.0,9.0,2.0,6.0
2009-11-06,11.0,19.0,34.0,43.0,45.0,5.0,9.0
2009-11-13,13.0,15.0,25.0,26.0,32.0,3.0,4.0
2009-11-20,28.0,43.0,47.0,5.0,9.0,2.0,9.0
2009-11-27,13.0,15.0,33.0,5.0,8.0,8.0,9.0
2009-12-04,18.0,19.0,25.0,30.0,44.0,1.0,3.0
2009-12-11,20.0,41.0,43.0,44.0,46.0,2.0,9.0
2009-12-18,14.0,30.0,32.0,35.0,49.0,3.0,8.0
2009-12-25,14.0,17.0,34.0,4.0,5.0,3.0,5.0
2010-01-01,22.0,24.0,27.0,36.0,9.0,5.0,7.0
2010-01-08,14.0,4.0,44.0,46.0,5.0,8.0,9.0
2010-01-15,11.0,26.0,29.0,49.0,50.0,4.0,7.0
2010-01-22,22.0,27.0,36.0,4.0,44.0,7.0,9.0
2010-01-29,17.0,30.0,39.0,43.0,9.0,5.0,7.0
2010-02-05,34.0,35.0,38.0,39.0,46.0,3.0,4.0
2010-02-12,1.0,18.0,38.0,45.0,5.0,4.0,6.0
2010-02-19,12.0,31.0,37.0,38.0,43.0,2.0,3.0
2010-02-26,11.0,18.0,29.0,42.0,7.0,6.0,7.0
2010-03-05,12.0,18.0,19.0,43.0,49.0,3.0,9.0
2010-03-12,1.0,26.0,33.0,36.0,46.0,6.0,7.0
2010-03-19,10.0,28.0,30.0,38.0,39.0,2.0,7.0
2010-03-26,16.0,18.0,37.0,43.0,8.0,2.0,6.0
2010-04-02,12.0,18.0,24.0,26.0,45.0,4.0,5.0
2010-04-09,21.0,23.0,24.0,44.0,7.0,3.0,4.0
2010-04-16,11.0,17.0,26.0,40.0,9.0,3.0,9.0
2010-04-23,3.0,43.0,46.0,7.0,8.0,6.0,8.0
2010-04-30,22.0,24.0,25.0,36.0,6.0,3.0,8.0
2010-05-07,15.0,21.0,3.0,32.0,6.0,7.0,9.0
2010-05-14,1.0,17.0,31.0,43.0,47.0,2.0,3.0
2010-05-21,19.0,30.0,38.0,50.0,7.0,4.0,7.0
2010-05-28,31.0,32.0,33.0,4.0,9.0,3.0,7.0
2010-06-04,17.0,34.0,4.0,40.0,42.0,4.0,9.0
2010-06-11,2.0,22.0,24.0,36.0,44.0,1.0,2.0
2010-06-18,2.0,29.0,31.0,32.0,38.0,1.0,4.0
2010-06-25,1.0,18.0,28.0,31.0,8.0,8.0,9.0
2010-07-02,12.0,13.0,36.0,41.0,46.0,1.0,8.0
2010-07-09,24.0,37.0,39.0,49.0,9.0,3.0,9.0
2010-07-16,38.0,39.0,45.0,46.0,49.0,7.0,8.0
2010-07-23,13.0,35.0,37.0,4.0,46.0,3.0,9.0
2010-07-30,11.0,28.0,3.0,39.0,4.0,2.0,8.0
2010-08-06,13.0,25.0,28.0,29.0,42.0,4.0,5.0
2010-08-13,15.0,21.0,4.0,47.0,9.0,2.0,7.0
2010-08-20,27.0,31.0,40.0,42.0,5.0,1.0,6.0
2010-08-27,1.0,13.0,30.0,49.0,6.0,1.0,9.0
2010-09-03,13.0,24.0,26.0,47.0,49.0,4.0,8.0
2010-09-10,17.0,21.0,35.0,41.0,45.0,1.0,5.0
2010-09-17,17.0,27.0,29.0,38.0,50.0,1.0,3.0
2010-09-24,1.0,16.0,4.0,40.0,48.0,1.0,9.0
2010-10-01,1.0,27.0,4.0,48.0,6.0,1.0,6.0
2010-10-08,30.0,35.0,39.0,46.0,9.0,6.0,8.0
2010-10-15,2.0,31.0,36.0,38.0,43.0,3.0,7.0
2010-10-22,11.0,39.0,4.0,5.0,9.0,3.0,5.0
2010-10-29,16.0,20.0,22.0,32.0,42.0,8.0,9.0
2010-11-05,21.0,23.0,33.0,40.0,50.0,4.0,5.0
2010-11-12,19.0,23.0,29.0,47.0,7.0,1.0,6.0
2010-11-19,12.0,15.0,32.0,36.0,45.0,7.0,9.0
2010-11-26,28.0,36.0,41.0,49.0,9.0,5.0,7.0
2010-12-03,19.0,28.0,32.0,46.0,8.0,4.0,7.0
2010-12-10,10.0,2.0,3.0,33.0,46.0,7.0,8.0
2010-12-17,20.0,29.0,3.0,35.0,42.0,3.0,8.0
2010-12-24,19.0,36.0,38.0,42.0,46.0,2.0,8.0
2010-12-31,2.0,24.0,34.0,38.0,43.0,1.0,7.0
2011-01-07,1.0,22.0,32.0,48.0,50.0,6.0,7.0
2011-01-14,14.0,2.0,24.0,39.0,44.0,6.0,7.0
2011-01-21,11.0,13.0,18.0,21.0,3.0,4.0,5.0
2011-01-28,13.0,23.0,24.0,41.0,42.0,1.0,5.0
2011-02-04,11.0,2.0,24.0,35.0,47.0,5.0,9.0
2011-02-11,12.0,14.0,15.0,19.0,23.0,7.0,8.0
2011-02-18,15.0,2.0,3.0,45.0,49.0,5.0,9.0
2011-02-25,12.0,13.0,42.0,45.0,48.0,3.0,9.0
2011-03-04,11.0,25.0,27.0,28.0,41.0,5.0,8.0
2011-03-11,17.0,19.0,24.0,37.0,46.0,2.0,7.0
2011-03-18,1.0,13.0,20.0,26.0,50.0,6.0,7.0
2011-03-25,12.0,21.0,27.0,33.0,6.0,3.0,7.0
2011-04-01,17.0,21.0,22.0,33.0,4.0,4.0,8.0
2011-04-08,21.0,23.0,38.0,47.0,50.0,2.0,6.0
2011-04-15,21.0,39.0,4.0,41.0,6.0,2.0,6.0
2011-04-22,11.0,22.0,36.0,45.0,48.0,1.0,4.0
2011-04-29,15.0,25.0,38.0,40.0,41.0,1.0,2.0
2011-05-06,11.0,16.0,20.0,22.0,28.0,4.0,9.0
2011-05-10,10.0,15.0,28.0,3.0,45.0,5.0,7.0
2011-05-13,11.0,17.0,36.0,47.0,9.0,1.0,2.0
2011-05-17,20.0,21.0,37.0,45.0,46.0,2.0,3.0
2011-05-20,10.0,14.0,20.0,25.0,42.0,11.0,8.0
2011-05-24,16.0,23.0,24.0,26.0,29.0,2.0,9.0
2011-05-27,17.0,25.0,28.0,49.0,9.0,8.0,9.0
2011-05-31,1.0,10.0,22.0,50.0,9.0,11.0,5.0
2011-06-03,39.0,4.0,40.0,49.0,50.0,2.0,5.0
2011-06-07,25.0,36.0,38.0,40.0,6.0,10.0,4.0
2011-06-10,19.0,20.0,3.0,37.0,48.0,11.0,8.0
2011-06-14,12.0,19.0,41.0,48.0,5.0,10.0,8.0
2011-06-17,11.0,16.0,21.0,22.0,44.0,3.0,8.0
2011-06-21,17.0,20.0,35.0,49.0,50.0,3.0,4.0
2011-06-24,16.0,20.0,30.0,41.0,5.0,11.0,6.0
2011-06-28,15.0,16.0,30.0,44.0,50.0,2.0,3.0
2011-07-01,11.0,23.0,31.0,46.0,8.0,8.0,9.0
2011-07-05,11.0,28.0,29.0,47.0,49.0,1.0,5.0
2011-07-08,12.0,13.0,23.0,40.0,49.0,10.0,7.0
2011-07-12,17.0,19.0,38.0,42.0,45.0,10.0,9.0
2011-07-15,26.0,33.0,34.0,39.0,6.0,3.0,4.0
2011-07-19,16.0,25.0,26.0,3.0,35.0,5.0,9.0
2011-07-22,15.0,23.0,4.0,49.0,50.0,2.0,6.0
2011-07-26,1.0,22.0,25.0,48.0,5.0,11.0,3.0
2011-07-29,12.0,19.0,27.0,37.0,38.0,10.0,5.0
2011-08-02,14.0,24.0,33.0,5.0,8.0,3.0,8.0
2011-08-05,13.0,14.0,18.0,32.0,34.0,1.0,10.0
2011-08-09,23.0,24.0,34.0,36.0,7.0,11.0,8.0
2011-08-12,10.0,20.0,27.0,37.0,7.0,4.0,7.0
2011-08-16,1.0,13.0,17.0,18.0,45.0,3.0,8.0
2011-08-19,14.0,16.0,28.0,31.0,6.0,11.0,2.0
2011-08-23,14.0,4.0,42.0,50.0,6.0,2.0,4.0
2011-08-26,12.0,22.0,25.0,33.0,45.0,5.0,7.0
2011-08-30,10.0,19.0,2.0,46.0,8.0,5.0,9.0
2011-09-02,12.0,26.0,37.0,38.0,44.0,4.0,7.0
2011-09-06,35.0,42.0,47.0,48.0,50.0,8.0,9.0
2011-09-09,21.0,28.0,31.0,34.0,5.0,1.0,2.0
2011-09-13,28.0,30.0,32.0,49.0,9.0,10.0,9.0
2011-09-16,17.0,2.0,39.0,42.0,8.0,10.0,3.0
2011-09-20,19.0,25.0,36.0,38.0,9.0,11.0,7.0
2011-09-23,14.0,33.0,34.0,48.0,6.0,2.0,6.0
2011-09-27,18.0,27.0,28.0,35.0,40.0,3.0,5.0
2011-09-30,15.0,28.0,31.0,44.0,5.0,1.0,6.0
2011-10-04,14.0,16.0,23.0,38.0,45.0,11.0,8.0
2011-10-07,18.0,26.0,34.0,38.0,42.0,5.0,8.0
2011-10-11,1.0,12.0,16.0,4.0,48.0,10.0,9.0
2011-10-14,12.0,23.0,29.0,32.0,47.0,3.0,5.0
2011-10-18,18.0,23.0,37.0,46.0,48.0,10.0,2.0
2011-10-21,19.0,2.0,33.0,37.0,46.0,5.0,8.0
2011-10-25,12.0,22.0,27.0,28.0,39.0,10.0,4.0
2011-10-28,16.0,17.0,20.0,39.0,50.0,4.0,8.0
2011-11-01,14.0,20.0,23.0,45.0,46.0,1.0,11.0
2011-11-04,11.0,14.0,41.0,43.0,50.0,2.0,9.0
2011-11-08,1.0,15.0,29.0,4.0,40.0,1.0,5.0
2011-11-11,1.0,18.0,23.0,30.0,4.0,3.0,7.0
2011-11-15,17.0,22.0,45.0,47.0,6.0,11.0,3.0
2011-11-18,12.0,24.0,39.0,4.0,44.0,2.0,4.0
2011-11-22,16.0,18.0,24.0,38.0,40.0,2.0,4.0
2011-11-25,14.0,19.0,26.0,28.0,34.0,5.0,8.0
2011-11-29,11.0,25.0,41.0,45.0,50.0,2.0,7.0
2011-12-02,27.0,30.0,40.0,43.0,7.0,8.0,9.0
2011-12-06,19.0,20.0,21.0,34.0,38.0,3.0,9.0
2011-12-09,12.0,21.0,29.0,44.0,47.0,1.0,2.0
2011-12-13,12.0,18.0,33.0,37.0,7.0,1.0,11.0
2011-12-16,10.0,2.0,23.0,31.0,5.0,2.0,5.0
2011-12-20,1.0,12.0,14.0,48.0,9.0,1.0,7.0
2011-12-23,21.0,22.0,24.0,28.0,7.0,1.0,11.0
2011-12-27,19.0,21.0,25.0,26.0,44.0,3.0,7.0
2011-12-30,16.0,36.0,43.0,44.0,50.0,7.0,8.0
2012-01-03,3.0,30.0,42.0,45.0,49.0,10.0,5.0
2012-01-06,1.0,10.0,12.0,31.0,6.0,2.0,7.0
2012-01-10,10.0,30.0,4.0,40.0,9.0,2.0,9.0
2012-01-13,13.0,14.0,21.0,27.0,39.0,6.0,8.0
2012-01-17,12.0,22.0,30.0,31.0,44.0,5.0,6.0
2012-01-20,10.0,2.0,22.0,27.0,28.0,6.0,8.0
2012-01-24,1.0,2.0,20.0,36.0,6.0,11.0,8.0
2012-01-27,10.0,13.0,19.0,39.0,44.0,2.0,6.0
2012-01-31,34.0,38.0,43.0,45.0,9.0,2.0,4.0
2012-02-03,16.0,19.0,20.0,25.0,28.0,1.0,10.0
2012-02-07,15.0,17.0,28.0,3.0,33.0,2.0,4.0
2012-02-10,14.0,3.0,31.0,41.0,8.0,11.0,7.0
2012-02-14,14.0,27.0,36.0,42.0,46.0,11.0,8.0
2012-02-17,11.0,28.0,38.0,4.0,47.0,10.0,11.0
2012-02-21,11.0,14.0,24.0,25.0,29.0,11.0,7.0
2012-02-24,12.0,26.0,3.0,34.0,7.0,10.0,8.0
2012-02-28,1.0,10.0,17.0,33.0,48.0,2.0,3.0
2012-03-02,11.0,30.0,44.0,5.0,6.0,2.0,6.0
2012-03-06,23.0,24.0,27.0,37.0,47.0,2.0,6.0
2012-03-09,3.0,32.0,36.0,39.0,47.0,6.0,9.0
2012-03-13,1.0,10.0,25.0,43.0,47.0,8.0,9.0
2012-03-16,12.0,23.0,3.0,4.0,50.0,4.0,7.0
2012-03-20,15.0,16.0,28.0,30.0,46.0,3.0,4.0
2012-03-23,15.0,23.0,31.0,50.0,9.0,11.0,8.0
2012-03-27,24.0,27.0,29.0,34.0,36.0,7.0,8.0
2012-03-30,17.0,23.0,36.0,4.0,46.0,10.0,6.0
2012-04-03,1.0,18.0,25.0,30.0,8.0,10.0,9.0
2012-04-06,11.0,20.0,30.0,35.0,45.0,2.0,3.0
2012-04-10,22.0,25.0,27.0,36.0,37.0,5.0,9.0
2012-04-13,13.0,26.0,39.0,43.0,8.0,3.0,5.0
2012-04-17,10.0,28.0,33.0,48.0,49.0,1.0,10.0
2012-04-20,29.0,3.0,32.0,41.0,6.0,10.0,11.0
2012-04-24,24.0,43.0,48.0,8.0,9.0,3.0,5.0
2012-04-27,20.0,27.0,30.0,36.0,43.0,1.0,6.0
2012-05-01,15.0,19.0,4.0,41.0,5.0,11.0,9.0
2012-05-04,26.0,3.0,39.0,40.0,41.0,1.0,2.0
2012-05-08,21.0,3.0,34.0,38.0,48.0,5.0,8.0
2012-05-11,1.0,13.0,17.0,38.0,44.0,11.0,2.0
2012-05-15,11.0,13.0,2.0,26.0,50.0,2.0,5.0
2012-05-18,13.0,29.0,43.0,47.0,50.0,11.0,9.0
2012-05-22,16.0,31.0,32.0,37.0,41.0,1.0,7.0
2012-05-25,12.0,22.0,35.0,46.0,49.0,2.0,8.0
2012-05-29,15.0,17.0,25.0,28.0,8.0,11.0,3.0
2012-06-01,14.0,2.0,26.0,36.0,4.0,10.0,9.0
2012-06-05,13.0,34.0,37.0,47.0,49.0,8.0,9.0
2012-06-08,11.0,22.0,34.0,40.0,5.0,11.0,9.0
2012-06-12,15.0,26.0,30.0,48.0,8.0,10.0,9.0
2012-06-15,10.0,22.0,27.0,38.0,48.0,3.0,7.0
2012-06-19,17.0,20.0,35.0,50.0,7.0,11.0,5.0
2012-06-22,14.0,18.0,19.0,43.0,49.0,3.0,7.0
2012-06-26,1.0,11.0,20.0,22.0,35.0,10.0,8.0
2012-06-29,14.0,17.0,28.0,29.0,39.0,1.0,11.0
2012-07-03,2.0,22.0,27.0,40.0,7.0,3.0,6.0
2012-07-06,31.0,32.0,38.0,40.0,42.0,1.0,3.0
2012-07-10,1.0,16.0,24.0,3.0,37.0,1.0,8.0
2012-07-13,18.0,25.0,35.0,46.0,8.0,4.0,9.0
2012-07-17,2.0,24.0,43.0,46.0,7.0,10.0,8.0
2012-07-20,10.0,19.0,23.0,45.0,49.0,10.0,9.0
2012-07-24,16.0,18.0,25.0,4.0,44.0,1.0,11.0
2012-07-27,14.0,15.0,21.0,23.0,48.0,10.0,2.0
2012-07-31,29.0,35.0,36.0,39.0,4.0,8.0,9.0
2012-08-03,24.0,34.0,35.0,42.0,46.0,1.0,5.0
2012-08-07,20.0,27.0,34.0,46.0,50.0,2.0,3.0
2012-08-10,11.0,17.0,21.0,48.0,50.0,10.0,9.0
2012-08-14,1.0,16.0,38.0,42.0,45.0,10.0,9.0
2012-08-17,19.0,25.0,28.0,33.0,44.0,2.0,8.0
2012-08-21,17.0,38.0,4.0,48.0,5.0,3.0,4.0
2012-08-24,12.0,19.0,37.0,5.0,6.0,3.0,7.0
2012-08-28,1.0,18.0,25.0,26.0,44.0,4.0,5.0
2012-08-31,16.0,28.0,31.0,33.0,48.0,11.0,7.0
2012-09-04,11.0,17.0,18.0,39.0,44.0,10.0,5.0
2012-09-07,13.0,15.0,30.0,35.0,42.0,4.0,6.0
2012-09-11,15.0,22.0,37.0,44.0,6.0,2.0,4.0
2012-09-14,10.0,23.0,27.0,3.0,44.0,7.0,9.0
2012-09-18,38.0,39.0,44.0,6.0,7.0,7.0,9.0
2012-09-21,19.0,34.0,4.0,41.0,43.0,11.0,7.0
2012-09-25,25.0,27.0,48.0,49.0,7.0,1.0,4.0
2012-09-28,20.0,23.0,26.0,30.0,33.0,6.0,9.0
2012-10-02,16.0,21.0,36.0,4.0,42.0,7.0,8.0
2012-10-05,16.0,18.0,19.0,21.0,9.0,2.0,3.0
2012-10-09,10.0,2.0,23.0,25.0,8.0,8.0,9.0
2012-10-12,17.0,35.0,43.0,6.0,7.0,2.0,8.0
2012-10-16,10.0,32.0,40.0,41.0,49.0,2.0,8.0
2012-10-19,16.0,29.0,37.0,40.0,44.0,10.0,8.0
2012-10-23,1.0,28.0,35.0,38.0,50.0,10.0,2.0
2012-10-26,27.0,38.0,5.0,6.0,9.0,11.0,5.0
2012-10-30,23.0,24.0,25.0,31.0,44.0,2.0,3.0
2012-11-02,10.0,11.0,3.0,44.0,6.0,3.0,4.0
2012-11-06,20.0,25.0,35.0,41.0,7.0,1.0,9.0
2012-11-09,14.0,21.0,22.0,28.0,47.0,4.0,5.0
2012-11-13,11.0,16.0,21.0,24.0,29.0,2.0,6.0
2012-11-16,10.0,15.0,19.0,23.0,41.0,2.0,9.0
2012-11-20,28.0,30.0,42.0,45.0,49.0,10.0,5.0
2012-11-23,1.0,11.0,20.0,40.0,9.0,1.0,5.0
2012-11-27,10.0,23.0,44.0,49.0,6.0,1.0,7.0
2012-11-30,10.0,18.0,23.0,24.0,40.0,3.0,4.0
2012-12-04,10.0,28.0,29.0,44.0,5.0,2.0,4.0
2012-12-07,10.0,16.0,18.0,31.0,42.0,2.0,5.0
2012-12-11,1.0,4.0,43.0,50.0,9.0,6.0,8.0
2012-12-14,10.0,11.0,29.0,40.0,43.0,11.0,3.0
2012-12-18,14.0,18.0,20.0,35.0,44.0,2.0,5.0
2012-12-21,22.0,3.0,40.0,42.0,5.0,10.0,3.0
2012-12-25,14.0,18.0,20.0,23.0,32.0,10.0,3.0
2012-12-28,17.0,24.0,26.0,27.0,49.0,3.0,5.0
2013-01-01,2.0,36.0,49.0,7.0,8.0,1.0,11.0
2013-01-04,10.0,22.0,27.0,4.0,41.0,10.0,8.0
2013-01-08,2.0,20.0,22.0,26.0,47.0,5.0,9.0
2013-01-11,22.0,29.0,37.0,4.0,41.0,4.0,7.0
2013-01-15,22.0,38.0,40.0,42.0,47.0,1.0,11.0
2013-01-18,26.0,27.0,30.0,39.0,4.0,10.0,3.0
2013-01-22,1.0,10.0,44.0,45.0,48.0,1.0,4.0
2013-01-25,10.0,18.0,3.0,31.0,37.0,2.0,4.0
2013-01-29,16.0,26.0,36.0,39.0,9.0,2.0,6.0
2013-02-01,21.0,34.0,37.0,38.0,5.0,1.0,6.0
2013-02-05,25.0,31.0,40.0,45.0,6.0,6.0,7.0
2013-02-08,11.0,14.0,34.0,44.0,9.0,10.0,11.0
2013-02-12,11.0,16.0,25.0,28.0,5.0,7.0,9.0
2013-02-15,2.0,22.0,28.0,4.0,42.0,4.0,9.0
2013-02-19,12.0,15.0,28.0,30.0,44.0,8.0,9.0
2013-02-22,15.0,16.0,28.0,36.0,37.0,11.0,2.0
2013-02-26,12.0,13.0,17.0,3.0,30.0,2.0,6.0
2013-03-01,1.0,11.0,29.0,36.0,42.0,4.0,5.0
2013-03-05,19.0,31.0,33.0,39.0,8.0,2.0,7.0
2013-03-08,20.0,23.0,28.0,3.0,42.0,11.0,8.0
2013-03-12,10.0,2.0,22.0,4.0,50.0,5.0,8.0
2013-03-15,14.0,21.0,24.0,39.0,4.0,10.0,3.0
2013-03-19,19.0,32.0,35.0,37.0,44.0,1.0,9.0
2013-03-22,12.0,27.0,32.0,34.0,49.0,8.0,9.0
2013-03-26,26.0,30.0,4.0,42.0,44.0,11.0,6.0
2013-03-29,13.0,30.0,43.0,44.0,46.0,5.0,9.0
2013-04-02,12.0,17.0,25.0,29.0,41.0,1.0,4.0
2013-04-05,1.0,11.0,17.0,32.0,39.0,2.0,7.0
2013-04-09,15.0,35.0,38.0,44.0,48.0,10.0,5.0
2013-04-12,10.0,15.0,28.0,45.0,5.0,3.0,9.0
2013-04-16,1.0,11.0,22.0,33.0,50.0,4.0,6.0
2013-04-19,1.0,42.0,46.0,48.0,8.0,4.0,7.0
2013-04-23,1.0,10.0,4.0,50.0,7.0,11.0,4.0
2013-04-26,11.0,16.0,24.0,38.0,40.0,2.0,5.0
2013-04-30,13.0,36.0,40.0,43.0,50.0,5.0,9.0
2013-05-03,3.0,34.0,40.0,49.0,5.0,2.0,3.0
2013-05-07,13.0,27.0,28.0,42.0,43.0,4.0,6.0
2013-05-10,1.0,32.0,35.0,45.0,48.0,11.0,4.0
2013-05-14,24.0,27.0,36.0,7.0,8.0,11.0,5.0
2013-05-17,20.0,24.0,25.0,50.0,6.0,10.0,9.0
2013-05-21,19.0,28.0,29.0,7.0,8.0,5.0,9.0
2013-05-24,17.0,22.0,27.0,40.0,7.0,2.0,3.0
2013-05-28,13.0,26.0,34.0,38.0,8.0,11.0,3.0
2013-05-31,27.0,28.0,29.0,34.0,43.0,10.0,5.0
2013-06-04,31.0,33.0,34.0,37.0,40.0,1.0,6.0
2013-06-07,14.0,26.0,45.0,50.0,7.0,2.0,7.0
2013-06-11,25.0,41.0,5.0,7.0,9.0,1.0,5.0
2013-06-14,10.0,25.0,41.0,47.0,48.0,10.0,6.0
2013-06-18,17.0,24.0,33.0,41.0,44.0,1.0,11.0
2013-06-21,10.0,11.0,30.0,36.0,45.0,1.0,2.0
2013-06-25,13.0,27.0,35.0,4.0,5.0,1.0,2.0
2013-06-28,1.0,15.0,28.0,35.0,47.0,1.0,7.0
2013-07-02,11.0,13.0,14.0,28.0,30.0,4.0,5.0
2013-07-05,12.0,15.0,28.0,33.0,4.0,1.0,10.0
2013-07-09,16.0,18.0,31.0,38.0,49.0,10.0,4.0
2013-07-12,18.0,26.0,32.0,33.0,42.0,2.0,3.0
2013-07-16,19.0,23.0,34.0,47.0,50.0,4.0,6.0
2013-07-19,13.0,16.0,24.0,26.0,35.0,2.0,5.0
2013-07-23,14.0,15.0,16.0,19.0,44.0,4.0,5.0
2013-07-26,12.0,23.0,29.0,38.0,49.0,3.0,4.0
2013-07-30,11.0,14.0,3.0,4.0,43.0,1.0,6.0
2013-08-02,21.0,36.0,37.0,42.0,48.0,4.0,7.0
2013-08-06,16.0,17.0,31.0,47.0,49.0,11.0,3.0
2013-08-09,23.0,24.0,4.0,7.0,9.0,8.0,9.0
2013-08-13,17.0,20.0,47.0,5.0,50.0,1.0,4.0
2013-08-16,20.0,24.0,27.0,37.0,39.0,10.0,5.0
2013-08-20,11.0,42.0,49.0,5.0,50.0,11.0,8.0
2013-08-23,1.0,26.0,30.0,37.0,6.0,5.0,8.0
2013-08-27,30.0,38.0,40.0,43.0,7.0,2.0,6.0
2013-08-30,17.0,2.0,25.0,36.0,45.0,5.0,9.0
2013-09-03,16.0,18.0,42.0,5.0,9.0,7.0,9.0
2013-09-06,11.0,23.0,25.0,32.0,37.0,4.0,7.0
2013-09-10,11.0,14.0,28.0,30.0,7.0,10.0,2.0
2013-09-13,14.0,27.0,33.0,4.0,6.0,10.0,5.0
2013-09-17,13.0,17.0,21.0,42.0,44.0,11.0,9.0
2013-09-20,11.0,35.0,38.0,45.0,5.0,2.0,3.0
2013-09-24,10.0,20.0,26.0,28.0,43.0,11.0,9.0
2013-09-27,11.0,15.0,38.0,41.0,43.0,2.0,6.0
2013-10-01,19.0,23.0,25.0,44.0,48.0,8.0,9.0
2013-10-04,20.0,24.0,35.0,50.0,6.0,10.0,5.0
2013-10-08,23.0,24.0,26.0,33.0,42.0,3.0,5.0
2013-10-11,12.0,17.0,23.0,43.0,6.0,5.0,9.0
2013-10-15,18.0,27.0,39.0,43.0,47.0,4.0,7.0
2013-10-18,25.0,36.0,46.0,47.0,5.0,2.0,6.0
2013-10-22,29.0,33.0,39.0,41.0,44.0,11.0,9.0
2013-10-25,10.0,2.0,3.0,31.0,38.0,10.0,6.0
2013-10-29,10.0,30.0,32.0,37.0,9.0,2.0,6.0
2013-11-01,19.0,29.0,30.0,33.0,7.0,3.0,8.0
2013-11-05,12.0,13.0,35.0,38.0,6.0,2.0,3.0
2013-11-08,20.0,28.0,35.0,42.0,43.0,10.0,8.0
2013-11-12,14.0,29.0,37.0,40.0,48.0,11.0,2.0
2013-11-15,13.0,15.0,29.0,3.0,42.0,1.0,4.0
2013-11-19,14.0,15.0,19.0,36.0,45.0,1.0,10.0
2013-11-22,13.0,25.0,26.0,40.0,50.0,8.0,9.0
2013-11-26,19.0,23.0,27.0,42.0,44.0,3.0,5.0
2013-11-29,10.0,2.0,23.0,43.0,7.0,4.0,7.0
2013-12-03,13.0,15.0,29.0,32.0,6.0,2.0,9.0
2013-12-06,1.0,18.0,2.0,31.0,36.0,10.0,7.0
2013-12-10,24.0,35.0,49.0,50.0,6.0,1.0,7.0
2013-12-13,1.0,22.0,23.0,24.0,31.0,11.0,6.0
2013-12-17,27.0,37.0,41.0,6.0,8.0,10.0,7.0
2013-12-20,12.0,13.0,17.0,22.0,43.0,10.0,3.0
2013-12-24,19.0,31.0,43.0,5.0,50.0,2.0,6.0
2013-12-27,1.0,13.0,22.0,28.0,6.0,10.0,5.0
2013-12-31,13.0,20.0,24.0,29.0,45.0,3.0,7.0
2014-01-03,27.0,3.0,31.0,38.0,44.0,3.0,8.0
2014-01-07,2.0,20.0,27.0,33.0,45.0,10.0,6.0
2014-01-10,1.0,11.0,2.0,27.0,29.0,1.0,10.0
2014-01-14,18.0,20.0,25.0,26.0,37.0,10.0,11.0
2014-01-17,19.0,26.0,32.0,33.0,42.0,10.0,4.0
2014-01-21,12.0,35.0,4.0,42.0,48.0,5.0,8.0
2014-01-24,19.0,34.0,35.0,41.0,5.0,1.0,5.0
2014-01-28,18.0,20.0,23.0,42.0,48.0,2.0,9.0
2014-01-31,10.0,15.0,16.0,31.0,8.0,8.0,9.0
2014-02-04,1.0,21.0,33.0,37.0,38.0,4.0,8.0
2014-02-07,17.0,19.0,3.0,46.0,47.0,10.0,9.0
2014-02-11,17.0,25.0,41.0,47.0,8.0,1.0,2.0
2014-02-14,19.0,2.0,39.0,4.0,6.0,2.0,7.0
2014-02-18,23.0,26.0,36.0,37.0,49.0,6.0,7.0
2014-02-21,13.0,17.0,28.0,30.0,32.0,5.0,7.0
2014-02-25,21.0,25.0,28.0,35.0,42.0,4.0,6.0
2014-02-28,12.0,32.0,38.0,43.0,44.0,2.0,7.0
2014-03-04,22.0,27.0,3.0,44.0,5.0,1.0,6.0
2014-03-07,10.0,38.0,40.0,41.0,5.0,1.0,8.0
2014-03-11,1.0,23.0,33.0,4.0,44.0,7.0,8.0
2014-03-14,24.0,25.0,27.0,30.0,6.0,5.0,9.0
2014-03-18,27.0,34.0,36.0,39.0,8.0,10.0,5.0
2014-03-21,30.0,37.0,39.0,42.0,7.0,5.0,7.0
2014-03-25,20.0,26.0,28.0,50.0,7.0,2.0,8.0
2014-03-28,19.0,28.0,3.0,4.0,43.0,3.0,7.0
2014-04-01,16.0,18.0,26.0,38.0,44.0,10.0,8.0
2014-04-04,10.0,28.0,45.0,50.0,6.0,10.0,11.0
2014-04-08,11.0,18.0,29.0,42.0,49.0,11.0,4.0
2014-04-11,12.0,19.0,30.0,33.0,8.0,11.0,4.0
2014-04-15,14.0,26.0,3.0,47.0,50.0,11.0,7.0
2014-04-18,21.0,24.0,31.0,39.0,47.0,3.0,7.0
2014-04-22,13.0,15.0,20.0,24.0,46.0,1.0,8.0
2014-04-25,13.0,21.0,24.0,44.0,49.0,1.0,9.0
2014-04-29,18.0,23.0,26.0,35.0,44.0,11.0,3.0
2014-05-02,30.0,31.0,38.0,4.0,42.0,11.0,2.0
2014-05-06,19.0,24.0,31.0,37.0,5.0,1.0,9.0
2014-05-09,21.0,26.0,28.0,3.0,45.0,10.0,7.0
2014-05-13,13.0,30.0,34.0,4.0,47.0,2.0,6.0
2014-05-16,23.0,26.0,29.0,37.0,40.0,3.0,4.0
2014-05-20,33.0,36.0,38.0,47.0,5.0,4.0,9.0
2014-05-23,3.0,31.0,34.0,47.0,8.0,11.0,9.0
2014-05-27,13.0,16.0,25.0,26.0,7.0,1.0,6.0
2014-05-30,24.0,27.0,41.0,45.0,5.0,6.0,7.0
2014-06-03,15.0,2.0,32.0,39.0,44.0,10.0,5.0
2014-06-06,25.0,34.0,40.0,49.0,7.0,11.0,9.0
2014-06-10,12.0,18.0,21.0,32.0,33.0,1.0,11.0
2014-06-13,16.0,18.0,22.0,28.0,46.0,11.0,9.0
2014-06-17,11.0,13.0,37.0,40.0,48.0,8.0,9.0
2014-06-20,15.0,25.0,38.0,49.0,5.0,1.0,2.0
2014-06-24,1.0,20.0,21.0,48.0,7.0,4.0,7.0
2014-06-27,31.0,33.0,34.0,39.0,45.0,10.0,2.0
2014-07-01,18.0,22.0,25.0,27.0,39.0,10.0,5.0
2014-07-04,18.0,39.0,4.0,43.0,47.0,2.0,6.0
2014-07-08,18.0,22.0,24.0,27.0,8.0,11.0,4.0
2014-07-11,22.0,35.0,38.0,49.0,5.0,4.0,7.0
2014-07-15,15.0,18.0,20.0,27.0,34.0,1.0,3.0
2014-07-18,1.0,11.0,29.0,41.0,43.0,11.0,3.0
2014-07-22,1.0,24.0,43.0,45.0,50.0,5.0,8.0
2014-07-25,10.0,12.0,24.0,43.0,9.0,5.0,9.0
2014-07-29,10.0,23.0,35.0,40.0,43.0,3.0,9.0
2014-08-01,24.0,44.0,46.0,48.0,50.0,10.0,5.0
2014-08-05,19.0,21.0,42.0,5.0,7.0,11.0,5.0
2014-08-08,21.0,29.0,35.0,43.0,46.0,1.0,9.0
2014-08-12,16.0,19.0,22.0,33.0,7.0,2.0,5.0
2014-08-15,21.0,23.0,30.0,4.0,5.0,10.0,8.0
2014-08-19,11.0,34.0,4.0,47.0,7.0,7.0,8.0
2014-08-22,17.0,29.0,35.0,4.0,49.0,1.0,2.0
2014-08-26,10.0,22.0,36.0,45.0,48.0,11.0,4.0
2014-08-29,2.0,26.0,32.0,38.0,9.0,3.0,6.0
2014-09-02,25.0,31.0,39.0,45.0,5.0,1.0,8.0
2014-09-05,1.0,18.0,23.0,46.0,50.0,3.0,9.0
2014-09-09,15.0,19.0,24.0,35.0,8.0,10.0,8.0
2014-09-12,13.0,26.0,31.0,33.0,9.0,11.0,7.0
2014-09-16,29.0,30.0,35.0,4.0,50.0,2.0,4.0
2014-09-19,34.0,38.0,48.0,6.0,8.0,3.0,9.0
2014-09-23,12.0,13.0,14.0,29.0,35.0,1.0,7.0
2014-09-26,13.0,27.0,35.0,46.0,47.0,1.0,2.0
2014-09-30,13.0,15.0,3.0,33.0,42.0,5.0,7.0
2014-10-03,13.0,23.0,4.0,48.0,50.0,10.0,5.0
2014-10-07,21.0,28.0,30.0,38.0,9.0,1.0,8.0
2014-10-10,29.0,42.0,45.0,47.0,6.0,10.0,9.0
2014-10-14,15.0,23.0,32.0,4.0,5.0,3.0,7.0
2014-10-17,1.0,13.0,40.0,48.0,49.0,10.0,8.0
2014-10-21,20.0,21.0,27.0,33.0,40.0,10.0,3.0
2014-10-24,20.0,3.0,30.0,42.0,9.0,1.0,6.0
2014-10-28,10.0,15.0,17.0,40.0,45.0,1.0,2.0
2014-10-31,10.0,13.0,20.0,33.0,41.0,3.0,9.0
2014-11-04,1.0,13.0,17.0,26.0,6.0,3.0,5.0
2014-11-07,13.0,25.0,32.0,38.0,46.0,1.0,10.0
2014-11-11,14.0,2.0,21.0,36.0,46.0,11.0,7.0
2014-11-14,17.0,32.0,36.0,38.0,48.0,5.0,8.0
2014-11-18,17.0,2.0,3.0,36.0,38.0,11.0,4.0
2014-11-21,28.0,32.0,37.0,4.0,7.0,10.0,5.0
2014-11-25,25.0,3.0,32.0,36.0,7.0,1.0,6.0
2014-11-28,10.0,15.0,23.0,41.0,6.0,10.0,4.0
2014-12-02,15.0,25.0,3.0,44.0,49.0,1.0,9.0
2014-12-05,37.0,47.0,48.0,5.0,8.0,2.0,3.0
2014-12-09,1.0,3.0,31.0,42.0,46.0,11.0,4.0
2014-12-12,15.0,2.0,28.0,31.0,37.0,4.0,6.0
2014-12-16,12.0,13.0,25.0,3.0,7.0,5.0,8.0
2014-12-19,23.0,29.0,31.0,39.0,44.0,5.0,8.0
2014-12-23,19.0,25.0,49.0,8.0,9.0,10.0,2.0
2014-12-26,17.0,26.0,27.0,45.0,49.0,2.0,3.0
2014-12-30,18.0,39.0,44.0,50.0,6.0,11.0,8.0
2015-01-02,22.0,24.0,25.0,28.0,49.0,3.0,6.0
2015-01-06,14.0,20.0,30.0,38.0,49.0,3.0,4.0
2015-01-09,21.0,24.0,32.0,45.0,6.0,1.0,11.0
2015-01-13,17.0,21.0,31.0,34.0,8.0,10.0,9.0
2015-01-16,29.0,30.0,32.0,34.0,46.0,3.0,6.0
2015-01-20,15.0,33.0,41.0,44.0,47.0,10.0,8.0
2015-01-23,29.0,30.0,38.0,45.0,6.0,1.0,8.0
2015-01-27,10.0,31.0,33.0,40.0,5.0,10.0,8.0
2015-01-30,13.0,15.0,19.0,24.0,9.0,3.0,8.0
2015-02-03,17.0,31.0,33.0,44.0,50.0,11.0,7.0
2015-02-06,10.0,26.0,30.0,39.0,50.0,7.0,8.0
2015-02-10,13.0,17.0,20.0,30.0,45.0,10.0,9.0
2015-02-13,12.0,24.0,39.0,42.0,44.0,11.0,3.0
2015-02-17,18.0,2.0,30.0,43.0,5.0,1.0,10.0
2015-02-20,10.0,14.0,37.0,4.0,46.0,4.0,7.0
2015-02-24,25.0,28.0,3.0,34.0,50.0,1.0,11.0
2015-02-27,14.0,17.0,25.0,47.0,5.0,10.0,9.0
2015-03-03,11.0,13.0,21.0,6.0,8.0,7.0,8.0
2015-03-06,23.0,30.0,47.0,49.0,50.0,2.0,7.0
2015-03-10,2.0,23.0,30.0,31.0,6.0,10.0,2.0
2015-03-13,18.0,22.0,23.0,4.0,5.0,1.0,3.0
2015-03-17,11.0,23.0,26.0,38.0,44.0,1.0,8.0
2015-03-20,14.0,3.0,37.0,42.0,48.0,1.0,10.0
2015-03-24,10.0,24.0,26.0,39.0,40.0,10.0,3.0
2015-03-27,2.0,30.0,32.0,39.0,44.0,10.0,6.0
2015-03-31,20.0,24.0,28.0,49.0,8.0,8.0,9.0
2015-04-03,27.0,29.0,37.0,39.0,49.0,2.0,4.0
2015-04-07,18.0,25.0,39.0,44.0,50.0,5.0,8.0
2015-04-10,22.0,23.0,25.0,30.0,43.0,5.0,9.0
2015-04-14,24.0,32.0,34.0,35.0,49.0,1.0,2.0
2015-04-17,2.0,24.0,30.0,34.0,39.0,11.0,8.0
2015-04-21,14.0,17.0,42.0,45.0,6.0,1.0,8.0
2015-04-24,19.0,29.0,31.0,40.0,5.0,10.0,3.0
2015-04-28,24.0,26.0,28.0,36.0,45.0,10.0,7.0
2015-05-01,19.0,20.0,25.0,26.0,3.0,10.0,6.0
2015-05-05,1.0,10.0,17.0,20.0,42.0,8.0,9.0
2015-05-08,14.0,19.0,47.0,49.0,7.0,10.0,3.0
2015-05-12,14.0,29.0,30.0,40.0,46.0,3.0,6.0
2015-05-15,35.0,42.0,44.0,47.0,5.0,8.0,9.0
2015-05-19,26.0,30.0,31.0,35.0,37.0,11.0,8.0
2015-05-22,18.0,24.0,35.0,44.0,45.0,11.0,5.0
2015-05-26,21.0,24.0,5.0,6.0,7.0,5.0,6.0
2015-05-29,20.0,3.0,4.0,45.0,48.0,6.0,8.0
2015-06-02,23.0,29.0,37.0,41.0,7.0,1.0,8.0
2015-06-05,2.0,45.0,48.0,7.0,8.0,1.0,9.0
2015-06-09,17.0,32.0,34.0,5.0,9.0,6.0,8.0
2015-06-12,10.0,11.0,37.0,5.0,8.0,7.0,9.0
2015-06-16,10.0,15.0,16.0,36.0,37.0,3.0,9.0
2015-06-19,14.0,20.0,31.0,42.0,7.0,3.0,9.0
2015-06-23,16.0,22.0,38.0,4.0,49.0,6.0,9.0
2015-06-26,10.0,19.0,24.0,3.0,6.0,5.0,7.0
2015-06-30,11.0,15.0,28.0,34.0,37.0,1.0,8.0
2015-07-03,11.0,12.0,15.0,18.0,44.0,3.0,9.0
2015-07-07,18.0,33.0,41.0,6.0,7.0,10.0,3.0
2015-07-10,15.0,35.0,41.0,5.0,8.0,4.0,5.0
2015-07-14,18.0,19.0,34.0,36.0,6.0,1.0,8.0
2015-07-17,1.0,21.0,22.0,43.0,48.0,7.0,9.0
2015-07-21,14.0,20.0,27.0,29.0,44.0,10.0,7.0
2015-07-24,2.0,21.0,35.0,46.0,9.0,11.0,2.0
2015-07-28,23.0,32.0,36.0,43.0,49.0,7.0,8.0
2015-07-31,16.0,21.0,34.0,40.0,50.0,6.0,9.0
2015-08-04,10.0,15.0,39.0,45.0,50.0,10.0,9.0
2015-08-07,1.0,21.0,39.0,44.0,5.0,11.0,4.0
2015-08-11,15.0,16.0,2.0,3.0,8.0,11.0,4.0
2015-08-14,39.0,4.0,44.0,45.0,7.0,3.0,5.0
2015-08-18,10.0,11.0,12.0,19.0,7.0,2.0,9.0
2015-08-21,16.0,18.0,4.0,43.0,47.0,10.0,6.0
2015-08-25,27.0,31.0,33.0,42.0,50.0,2.0,5.0
2015-08-28,11.0,29.0,30.0,31.0,34.0,4.0,7.0
2015-09-01,19.0,21.0,27.0,45.0,6.0,1.0,8.0
2015-09-04,27.0,45.0,50.0,8.0,9.0,10.0,8.0
2015-09-08,14.0,16.0,39.0,40.0,42.0,1.0,4.0
2015-09-11,10.0,18.0,19.0,29.0,50.0,1.0,9.0
2015-09-15,15.0,17.0,44.0,49.0,8.0,5.0,8.0
2015-09-18,29.0,33.0,34.0,39.0,7.0,7.0,8.0
2015-09-22,14.0,23.0,26.0,27.0,29.0,10.0,7.0
2015-09-25,13.0,14.0,23.0,30.0,37.0,2.0,8.0
2015-09-29,11.0,14.0,26.0,29.0,49.0,3.0,9.0
2015-10-02,18.0,21.0,32.0,35.0,7.0,11.0,2.0
2015-10-06,11.0,20.0,22.0,29.0,32.0,1.0,8.0
2015-10-09,1.0,40.0,42.0,43.0,47.0,11.0,9.0
2015-10-13,12.0,15.0,26.0,29.0,47.0,11.0,3.0
2015-10-16,28.0,29.0,43.0,48.0,7.0,10.0,3.0
2015-10-20,17.0,19.0,21.0,30.0,45.0,10.0,8.0
2015-10-23,25.0,30.0,32.0,39.0,7.0,2.0,8.0
2015-10-27,11.0,12.0,20.0,25.0,36.0,6.0,9.0
2015-10-30,13.0,17.0,21.0,34.0,8.0,6.0,7.0
2015-11-03,27.0,39.0,46.0,49.0,8.0,2.0,6.0
2015-11-06,17.0,26.0,3.0,38.0,40.0,10.0,4.0
2015-11-10,13.0,18.0,39.0,43.0,6.0,2.0,8.0
2015-11-13,10.0,17.0,18.0,33.0,40.0,2.0,8.0
2015-11-17,23.0,37.0,38.0,6.0,7.0,10.0,11.0
2015-11-20,30.0,34.0,4.0,46.0,49.0,7.0,8.0
2015-11-24,14.0,16.0,17.0,26.0,9.0,10.0,11.0
2015-11-27,16.0,29.0,30.0,37.0,50.0,6.0,8.0
2015-12-01,15.0,2.0,25.0,35.0,45.0,10.0,8.0
2015-12-04,17.0,18.0,27.0,39.0,8.0,1.0,7.0
2015-12-08,12.0,17.0,29.0,38.0,48.0,11.0,9.0
2015-12-11,21.0,3.0,40.0,43.0,5.0,11.0,6.0
2015-12-15,11.0,23.0,27.0,35.0,8.0,11.0,4.0
2015-12-18,22.0,26.0,29.0,48.0,6.0,5.0,6.0
2015-12-22,18.0,19.0,20.0,40.0,41.0,10.0,7.0
2015-12-25,10.0,25.0,27.0,3.0,40.0,3.0,9.0
2015-12-29,20.0,31.0,32.0,36.0,5.0,6.0,7.0
2016-01-01,37.0,38.0,39.0,4.0,44.0,4.0,7.0
2016-01-05,10.0,31.0,36.0,39.0,6.0,10.0,6.0
2016-01-08,26.0,33.0,35.0,40.0,5.0,3.0,8.0
2016-01-12,1.0,10.0,2.0,30.0,44.0,1.0,8.0
2016-01-15,10.0,19.0,38.0,43.0,46.0,1.0,11.0
2016-01-19,2.0,30.0,38.0,43.0,46.0,2.0,7.0
2016-01-22,10.0,12.0,27.0,30.0,47.0,8.0,9.0
2016-01-26,15.0,24.0,38.0,40.0,48.0,2.0,9.0
2016-01-29,1.0,23.0,29.0,32.0,5.0,1.0,7.0
2016-02-02,10.0,21.0,36.0,6.0,9.0,2.0,6.0
2016-02-05,27.0,3.0,32.0,41.0,46.0,4.0,8.0
2016-02-09,13.0,28.0,37.0,6.0,9.0,4.0,5.0
2016-02-12,20.0,28.0,3.0,31.0,49.0,2.0,5.0
2016-02-16,10.0,22.0,3.0,37.0,50.0,10.0,6.0
2016-02-19,13.0,14.0,30.0,32.0,39.0,3.0,9.0
2016-02-23,23.0,25.0,32.0,37.0,42.0,1.0,11.0
2016-02-26,13.0,15.0,33.0,5.0,50.0,11.0,9.0
2016-03-01,13.0,28.0,37.0,4.0,7.0,10.0,11.0
2016-03-04,14.0,16.0,23.0,40.0,9.0,1.0,5.0
2016-03-08,1.0,14.0,23.0,8.0,9.0,1.0,7.0
2016-03-11,1.0,21.0,26.0,40.0,43.0,6.0,9.0
2016-03-15,10.0,34.0,44.0,5.0,7.0,10.0,2.0
2016-03-18,14.0,19.0,21.0,24.0,49.0,11.0,5.0
2016-03-22,12.0,15.0,26.0,42.0,49.0,5.0,8.0
2016-03-25,12.0,19.0,36.0,42.0,43.0,5.0,8.0
2016-03-29,1.0,19.0,25.0,36.0,4.0,11.0,3.0
2016-04-01,16.0,2.0,23.0,25.0,49.0,6.0,9.0
2016-04-05,19.0,3.0,40.0,5.0,9.0,2.0,5.0
2016-04-08,26.0,43.0,49.0,6.0,8.0,10.0,6.0
2016-04-12,1.0,22.0,38.0,5.0,9.0,10.0,2.0
2016-04-15,13.0,14.0,32.0,37.0,48.0,1.0,7.0
2016-04-19,11.0,14.0,15.0,27.0,44.0,2.0,7.0
2016-04-22,17.0,26.0,32.0,34.0,43.0,10.0,2.0
2016-04-26,10.0,17.0,31.0,32.0,42.0,2.0,5.0
2016-04-29,25.0,28.0,4.0,43.0,5.0,11.0,6.0
2016-05-03,23.0,24.0,34.0,38.0,8.0,3.0,7.0
2016-05-06,32.0,34.0,40.0,45.0,48.0,1.0,10.0
2016-05-10,2.0,26.0,27.0,40.0,49.0,10.0,5.0
2016-05-13,15.0,28.0,31.0,42.0,7.0,10.0,11.0
2016-05-17,15.0,27.0,32.0,36.0,39.0,10.0,3.0
2016-05-20,14.0,30.0,41.0,45.0,9.0,4.0,9.0
2016-05-24,16.0,17.0,23.0,34.0,37.0,6.0,9.0
2016-05-27,13.0,25.0,27.0,43.0,46.0,4.0,8.0
2016-05-31,12.0,26.0,30.0,48.0,6.0,6.0,7.0
2016-06-03,23.0,31.0,33.0,39.0,7.0,10.0,6.0
2016-06-07,19.0,26.0,35.0,45.0,49.0,2.0,5.0
2016-06-10,14.0,21.0,35.0,42.0,43.0,7.0,9.0
2016-06-14,13.0,34.0,39.0,42.0,50.0,11.0,9.0
2016-06-17,1.0,18.0,27.0,43.0,7.0,4.0,8.0
2016-06-21,17.0,32.0,35.0,49.0,5.0,1.0,5.0
2016-06-24,11.0,19.0,27.0,28.0,39.0,10.0,3.0
2016-06-28,26.0,32.0,37.0,43.0,49.0,4.0,5.0
2016-07-01,11.0,13.0,2.0,40.0,50.0,1.0,10.0
2016-07-05,1.0,10.0,29.0,38.0,48.0,3.0,4.0
2016-07-08,12.0,18.0,33.0,44.0,8.0,4.0,8.0
2016-07-12,26.0,3.0,33.0,41.0,7.0,10.0,2.0
2016-07-15,11.0,13.0,14.0,2.0,21.0,1.0,8.0
2016-07-19,19.0,24.0,28.0,36.0,37.0,3.0,6.0
2016-07-22,24.0,26.0,37.0,45.0,7.0,5.0,9.0
2016-07-26,10.0,13.0,3.0,45.0,49.0,11.0,2.0
2016-07-29,1.0,21.0,26.0,40.0,50.0,2.0,4.0
2016-08-02,2.0,27.0,38.0,46.0,8.0,2.0,6.0
2016-08-05,16.0,19.0,24.0,35.0,37.0,2.0,7.0
2016-08-09,12.0,19.0,43.0,44.0,45.0,10.0,5.0
2016-08-12,15.0,2.0,28.0,36.0,50.0,11.0,2.0
2016-08-16,2.0,26.0,34.0,37.0,46.0,4.0,8.0
2016-08-19,22.0,25.0,34.0,5.0,6.0,5.0,7.0
2016-08-23,2.0,23.0,31.0,37.0,45.0,4.0,8.0
2016-08-26,1.0,28.0,30.0,48.0,9.0,7.0,8.0
2016-08-30,13.0,16.0,29.0,35.0,42.0,6.0,8.0
2016-09-02,16.0,32.0,40.0,50.0,8.0,11.0,2.0
2016-09-06,12.0,24.0,30.0,34.0,45.0,10.0,7.0
2016-09-09,11.0,15.0,17.0,28.0,4.0,1.0,3.0
2016-09-13,16.0,35.0,4.0,44.0,7.0,1.0,3.0
2016-09-16,14.0,22.0,32.0,5.0,8.0,11.0,2.0
2016-09-20,1.0,10.0,4.0,41.0,45.0,6.0,9.0
2016-09-23,14.0,16.0,39.0,42.0,49.0,3.0,9.0
2016-09-27,13.0,39.0,41.0,6.0,9.0,12.0,2.0
2016-09-30,17.0,35.0,37.0,43.0,44.0,10.0,2.0
2016-10-04,14.0,34.0,38.0,4.0,7.0,11.0,4.0
2016-10-07,12.0,2.0,20.0,27.0,30.0,11.0,9.0
2016-10-11,12.0,20.0,24.0,37.0,5.0,11.0,4.0
2016-10-14,13.0,19.0,31.0,34.0,7.0,1.0,11.0
2016-10-18,17.0,2.0,21.0,25.0,27.0,6.0,9.0
2016-10-21,20.0,23.0,44.0,48.0,9.0,10.0,8.0
2016-10-25,15.0,20.0,21.0,28.0,3.0,1.0,5.0
2016-10-28,10.0,16.0,19.0,23.0,43.0,2.0,8.0
2016-11-01,10.0,20.0,29.0,37.0,6.0,1.0,9.0
2016-11-04,11.0,12.0,44.0,48.0,7.0,3.0,7.0
2016-11-08,47.0,49.0,5.0,50.0,9.0,8.0,9.0
2016-11-11,22.0,23.0,3.0,38.0,49.0,2.0,9.0
2016-11-15,15.0,36.0,42.0,48.0,7.0,3.0,7.0
2016-11-18,12.0,27.0,3.0,32.0,47.0,6.0,8.0
2016-11-22,10.0,33.0,34.0,47.0,5.0,10.0,2.0
2016-11-25,11.0,17.0,23.0,28.0,5.0,10.0,11.0
2016-11-29,21.0,26.0,27.0,28.0,38.0,11.0,9.0
2016-12-02,11.0,23.0,31.0,32.0,6.0,12.0,2.0
2016-12-06,1.0,11.0,27.0,45.0,7.0,4.0,9.0
2016-12-09,12.0,28.0,37.0,40.0,6.0,1.0,5.0
2016-12-13,14.0,28.0,29.0,48.0,50.0,2.0,8.0
2016-12-16,10.0,30.0,41.0,45.0,6.0,11.0,4.0
2016-12-20,13.0,15.0,17.0,21.0,27.0,2.0,3.0
2016-12-23,16.0,20.0,39.0,4.0,46.0,2.0,5.0
2016-12-27,22.0,25.0,3.0,32.0,39.0,12.0,7.0
2016-12-30,10.0,22.0,29.0,47.0,8.0,1.0,3.0
2017-01-03,19.0,23.0,27.0,34.0,49.0,1.0,11.0
2017-01-06,10.0,14.0,18.0,21.0,49.0,11.0,9.0
2017-01-10,11.0,2.0,29.0,35.0,44.0,4.0,9.0
2017-01-13,16.0,26.0,3.0,50.0,7.0,4.0,7.0
2017-01-17,16.0,25.0,4.0,43.0,47.0,10.0,2.0
2017-01-20,10.0,17.0,27.0,31.0,49.0,3.0,5.0
2017-01-24,1.0,17.0,23.0,5.0,7.0,3.0,8.0
2017-01-27,17.0,20.0,28.0,45.0,48.0,5.0,9.0
2017-01-31,17.0,23.0,3.0,4.0,44.0,6.0,9.0
2017-02-03,15.0,3.0,4.0,46.0,50.0,5.0,9.0
2017-02-07,10.0,31.0,38.0,4.0,44.0,10.0,8.0
2017-02-10,21.0,26.0,35.0,43.0,7.0,2.0,9.0
2017-02-14,10.0,2.0,24.0,40.0,44.0,10.0,3.0
2017-02-17,19.0,25.0,33.0,36.0,48.0,2.0,9.0
2017-02-21,13.0,19.0,41.0,45.0,49.0,3.0,4.0
2017-02-24,13.0,2.0,22.0,4.0,43.0,8.0,9.0
2017-02-28,10.0,20.0,31.0,35.0,42.0,12.0,2.0
2017-03-03,11.0,2.0,29.0,30.0,47.0,1.0,12.0
2017-03-07,37.0,41.0,48.0,50.0,6.0,4.0,5.0
2017-03-10,31.0,36.0,38.0,47.0,49.0,11.0,8.0
2017-03-14,21.0,3.0,36.0,44.0,5.0,3.0,6.0
2017-03-17,10.0,19.0,29.0,36.0,6.0,3.0,9.0
2017-03-21,1.0,20.0,23.0,44.0,47.0,11.0,4.0
2017-03-24,17.0,2.0,21.0,27.0,34.0,5.0,9.0
2017-03-28,13.0,31.0,33.0,46.0,9.0,10.0,6.0
2017-03-31,17.0,24.0,26.0,28.0,45.0,12.0,4.0
2017-04-04,1.0,24.0,33.0,34.0,9.0,2.0,6.0
2017-04-07,10.0,19.0,2.0,35.0,50.0,6.0,7.0
2017-04-11,21.0,22.0,31.0,49.0,5.0,2.0,8.0
2017-04-14,14.0,20.0,23.0,33.0,4.0,10.0,6.0
2017-04-18,17.0,22.0,31.0,38.0,45.0,12.0,5.0
2017-04-21,13.0,16.0,2.0,22.0,49.0,4.0,5.0
2017-04-25,11.0,19.0,32.0,43.0,9.0,3.0,9.0
2017-04-28,14.0,20.0,25.0,30.0,39.0,2.0,8.0
2017-05-02,19.0,23.0,25.0,27.0,6.0,11.0,12.0
2017-05-05,3.0,30.0,35.0,43.0,7.0,1.0,3.0
2017-05-09,12.0,16.0,22.0,26.0,8.0,6.0,7.0
2017-05-12,2.0,20.0,28.0,29.0,44.0,3.0,9.0
2017-05-16,11.0,15.0,20.0,30.0,8.0,3.0,8.0
2017-05-19,11.0,12.0,19.0,30.0,9.0,4.0,9.0
2017-05-23,15.0,25.0,27.0,42.0,8.0,1.0,4.0
2017-05-26,26.0,36.0,39.0,5.0,7.0,10.0,2.0
2017-05-30,12.0,27.0,38.0,48.0,7.0,6.0,9.0
2017-06-02,10.0,24.0,33.0,42.0,8.0,3.0,9.0
2017-06-06,20.0,22.0,25.0,37.0,40.0,3.0,7.0
2017-06-09,20.0,27.0,39.0,43.0,9.0,10.0,11.0
2017-06-13,12.0,22.0,27.0,3.0,49.0,11.0,4.0
2017-06-16,15.0,17.0,38.0,41.0,42.0,12.0,9.0
2017-06-20,11.0,18.0,26.0,43.0,44.0,10.0,8.0
2017-06-23,21.0,3.0,31.0,38.0,4.0,3.0,7.0
2017-06-27,17.0,21.0,28.0,45.0,9.0,1.0,3.0
2017-06-30,17.0,35.0,39.0,47.0,50.0,6.0,8.0
2017-07-04,10.0,22.0,25.0,37.0,49.0,5.0,8.0
2017-07-07,11.0,20.0,35.0,37.0,45.0,3.0,6.0
2017-07-11,14.0,22.0,26.0,42.0,50.0,10.0,8.0
2017-07-14,11.0,14.0,20.0,21.0,47.0,10.0,7.0
2017-07-18,1.0,25.0,27.0,41.0,45.0,5.0,7.0
2017-07-21,1.0,26.0,49.0,8.0,9.0,5.0,9.0
2017-07-25,12.0,14.0,43.0,44.0,48.0,11.0,2.0
2017-07-28,29.0,31.0,41.0,5.0,9.0,2.0,4.0
2017-08-01,14.0,21.0,24.0,29.0,30.0,10.0,8.0
2017-08-04,29.0,30.0,36.0,40.0,41.0,2.0,9.0
2017-08-08,15.0,25.0,26.0,40.0,41.0,4.0,5.0
2017-08-11,18.0,28.0,39.0,46.0,48.0,12.0,5.0
2017-08-15,10.0,14.0,30.0,35.0,46.0,10.0,4.0
2017-08-18,2.0,24.0,39.0,42.0,45.0,2.0,8.0
2017-08-22,10.0,12.0,17.0,27.0,3.0,3.0,5.0
2017-08-25,1.0,15.0,47.0,5.0,7.0,12.0,9.0
2017-08-29,12.0,15.0,32.0,38.0,4.0,1.0,5.0
2017-09-01,14.0,3.0,49.0,7.0,8.0,5.0,8.0
2017-09-05,18.0,28.0,29.0,6.0,9.0,1.0,9.0
2017-09-08,24.0,42.0,47.0,49.0,9.0,1.0,5.0
2017-09-12,10.0,17.0,27.0,29.0,35.0,11.0,4.0
2017-09-15,13.0,18.0,37.0,44.0,49.0,12.0,9.0
2017-09-19,1.0,21.0,30.0,45.0,8.0,2.0,3.0
2017-09-22,11.0,31.0,39.0,42.0,6.0,1.0,3.0
2017-09-26,1.0,29.0,40.0,41.0,48.0,12.0,6.0
2017-09-29,18.0,19.0,32.0,48.0,7.0,3.0,7.0
2017-10-03,24.0,32.0,48.0,50.0,6.0,1.0,5.0
2017-10-06,1.0,15.0,19.0,25.0,9.0,1.0,7.0
2017-10-10,21.0,34.0,36.0,37.0,4.0,3.0,6.0
2017-10-13,23.0,29.0,37.0,45.0,50.0,11.0,5.0
2017-10-17,13.0,17.0,19.0,26.0,36.0,2.0,3.0
2017-10-20,17.0,23.0,27.0,30.0,4.0,3.0,8.0
2017-10-24,11.0,13.0,27.0,33.0,9.0,10.0,7.0
2017-10-27,16.0,23.0,3.0,32.0,39.0,1.0,4.0
2017-10-31,1.0,12.0,36.0,43.0,46.0,3.0,5.0
2017-11-03,12.0,17.0,33.0,41.0,5.0,4.0,9.0
2017-11-07,19.0,20.0,37.0,41.0,7.0,12.0,2.0
2017-11-10,13.0,22.0,29.0,36.0,37.0,1.0,9.0
2017-11-14,14.0,16.0,39.0,40.0,41.0,10.0,8.0
2017-11-17,20.0,26.0,35.0,36.0,42.0,12.0,5.0
2017-11-21,10.0,14.0,2.0,28.0,31.0,5.0,7.0
2017-11-24,19.0,24.0,28.0,30.0,50.0,10.0,3.0
2017-11-28,1.0,12.0,18.0,42.0,6.0,2.0,7.0
2017-12-01,24.0,29.0,35.0,46.0,5.0,11.0,12.0
2017-12-05,11.0,36.0,43.0,44.0,48.0,2.0,7.0
2017-12-08,22.0,30.0,32.0,34.0,4.0,3.0,4.0
2017-12-12,20.0,37.0,39.0,44.0,50.0,4.0,8.0
2017-12-15,25.0,30.0,31.0,42.0,50.0,11.0,2.0
2017-12-19,15.0,30.0,38.0,46.0,8.0,4.0,7.0
2017-12-22,24.0,30.0,31.0,43.0,5.0,3.0,6.0
2017-12-26,17.0,30.0,4.0,43.0,44.0,10.0,2.0
2017-12-29,22.0,23.0,4.0,48.0,8.0,1.0,12.0
2018-01-02,10.0,20.0,21.0,28.0,48.0,1.0,8.0
2018-01-05,2.0,20.0,38.0,41.0,5.0,4.0,8.0
2018-01-09,12.0,15.0,38.0,49.0,6.0,2.0,9.0
2018-01-12,13.0,21.0,23.0,30.0,45.0,4.0,6.0
2018-01-16,20.0,23.0,31.0,34.0,46.0,12.0,3.0
2018-01-19,17.0,3.0,44.0,50.0,8.0,2.0,7.0
2018-01-23,23.0,24.0,5.0,8.0,9.0,7.0,8.0
2018-01-26,15.0,24.0,28.0,48.0,6.0,4.0,9.0
2018-01-30,11.0,15.0,21.0,27.0,35.0,4.0,5.0
2018-02-02,14.0,34.0,36.0,39.0,48.0,2.0,3.0
2018-02-06,17.0,28.0,34.0,38.0,8.0,12.0,6.0
2018-02-09,22.0,31.0,36.0,38.0,44.0,1.0,11.0
2018-02-13,10.0,13.0,17.0,21.0,44.0,1.0,10.0
2018-02-16,10.0,12.0,23.0,32.0,50.0,10.0,4.0
2018-02-20,14.0,19.0,25.0,29.0,6.0,11.0,5.0
2018-02-23,10.0,17.0,18.0,28.0,47.0,3.0,7.0
2018-02-27,3.0,31.0,41.0,48.0,50.0,11.0,8.0
2018-03-02,2.0,34.0,45.0,48.0,7.0,1.0,12.0
2018-03-06,15.0,20.0,26.0,31.0,44.0,2.0,9.0
2018-03-09,14.0,21.0,32.0,44.0,9.0,1.0,12.0
2018-03-13,11.0,13.0,33.0,49.0,9.0,12.0,6.0
2018-03-16,17.0,24.0,27.0,31.0,4.0,10.0,11.0
2018-03-20,26.0,29.0,37.0,39.0,44.0,11.0,9.0
2018-03-23,11.0,46.0,5.0,50.0,7.0,11.0,8.0
2018-03-27,17.0,20.0,23.0,40.0,46.0,10.0,9.0
2018-03-30,12.0,17.0,28.0,35.0,47.0,11.0,7.0
2018-04-03,16.0,3.0,40.0,43.0,8.0,5.0,8.0
2018-04-06,1.0,29.0,33.0,45.0,47.0,4.0,8.0
2018-04-10,14.0,27.0,39.0,46.0,48.0,11.0,12.0
2018-04-13,25.0,34.0,48.0,5.0,50.0,6.0,7.0
2018-04-17,15.0,27.0,33.0,39.0,50.0,4.0,6.0
2018-04-20,16.0,25.0,3.0,39.0,44.0,11.0,7.0
2018-04-24,20.0,23.0,28.0,30.0,44.0,3.0,7.0
2018-04-27,12.0,24.0,40.0,41.0,46.0,12.0,5.0
2018-05-01,15.0,17.0,42.0,48.0,6.0,4.0,6.0
2018-05-04,12.0,23.0,39.0,45.0,6.0,12.0,9.0
2018-05-08,17.0,25.0,35.0,39.0,44.0,2.0,5.0
2018-05-11,22.0,3.0,34.0,49.0,50.0,11.0,8.0
2018-05-15,16.0,20.0,31.0,39.0,4.0,12.0,2.0
2018-05-18,10.0,13.0,31.0,5.0,8.0,3.0,6.0
2018-05-22,1.0,11.0,37.0,41.0,48.0,12.0,8.0
2018-05-25,13.0,15.0,16.0,28.0,41.0,4.0,5.0
2018-05-29,11.0,20.0,38.0,43.0,6.0,2.0,4.0
2018-06-01,17.0,18.0,24.0,29.0,40.0,4.0,5.0
2018-06-05,15.0,22.0,39.0,46.0,9.0,4.0,5.0
2018-06-08,19.0,32.0,43.0,46.0,8.0,2.0,8.0
2018-06-12,21.0,23.0,36.0,38.0,7.0,6.0,8.0
2018-06-15,23.0,26.0,33.0,38.0,49.0,1.0,12.0
2018-06-19,19.0,26.0,42.0,50.0,7.0,4.0,9.0
2018-06-22,14.0,25.0,39.0,41.0,44.0,2.0,8.0
2018-06-26,15.0,16.0,20.0,34.0,50.0,4.0,7.0
2018-06-29,15.0,21.0,23.0,40.0,48.0,12.0,3.0
2018-07-03,1.0,12.0,15.0,29.0,48.0,3.0,5.0
2018-07-06,30.0,33.0,38.0,48.0,8.0,10.0,2.0
2018-07-10,26.0,3.0,33.0,45.0,8.0,10.0,7.0
2018-07-13,1.0,14.0,21.0,4.0,49.0,12.0,2.0
2018-07-17,27.0,4.0,48.0,50.0,6.0,1.0,11.0
2018-07-20,15.0,2.0,40.0,43.0,46.0,3.0,6.0
2018-07-24,2.0,23.0,39.0,4.0,40.0,3.0,9.0
2018-07-27,11.0,17.0,22.0,23.0,41.0,11.0,6.0
2018-07-31,20.0,25.0,34.0,42.0,45.0,11.0,6.0
2018-08-03,26.0,36.0,38.0,43.0,7.0,12.0,6.0
2018-08-07,16.0,28.0,29.0,30.0,36.0,10.0,8.0
2018-08-10,18.0,20.0,36.0,43.0,44.0,3.0,9.0
2018-08-14,1.0,15.0,18.0,25.0,31.0,11.0,9.0
2018-08-17,15.0,18.0,2.0,24.0,43.0,12.0,8.0
2018-08-21,16.0,23.0,42.0,43.0,49.0,10.0,12.0
2018-08-24,14.0,3.0,31.0,36.0,50.0,1.0,12.0
2018-08-28,16.0,32.0,4.0,42.0,46.0,12.0,8.0
2018-08-31,30.0,31.0,38.0,4.0,42.0,4.0,6.0
2018-09-04,14.0,28.0,30.0,47.0,5.0,11.0,4.0
2018-09-07,23.0,27.0,31.0,4.0,50.0,1.0,8.0
2018-09-11,18.0,32.0,38.0,46.0,9.0,2.0,3.0
2018-09-14,1.0,3.0,33.0,40.0,45.0,3.0,4.0
2018-09-18,10.0,3.0,32.0,45.0,8.0,12.0,4.0
2018-09-21,21.0,25.0,37.0,5.0,7.0,3.0,4.0
2018-09-25,15.0,20.0,30.0,38.0,6.0,4.0,7.0
2018-09-28,2.0,27.0,4.0,50.0,8.0,2.0,9.0
2018-10-02,17.0,29.0,37.0,45.0,7.0,11.0,3.0
2018-10-05,16.0,24.0,26.0,35.0,8.0,11.0,3.0
2018-10-09,12.0,3.0,36.0,44.0,45.0,11.0,8.0
2018-10-12,12.0,31.0,4.0,43.0,9.0,5.0,8.0
2018-10-16,15.0,28.0,37.0,40.0,42.0,1.0,6.0
2018-10-19,1.0,29.0,3.0,47.0,48.0,12.0,3.0
2018-10-23,1.0,2.0,21.0,32.0,5.0,12.0,2.0
2018-10-26,18.0,21.0,31.0,35.0,5.0,6.0,9.0
2018-10-30,17.0,23.0,27.0,43.0,44.0,1.0,12.0
2018-11-02,15.0,17.0,37.0,44.0,5.0,11.0,7.0
2018-11-06,14.0,24.0,36.0,40.0,43.0,2.0,9.0
2018-11-09,14.0,17.0,32.0,37.0,49.0,11.0,12.0
2018-11-13,10.0,13.0,2.0,42.0,7.0,3.0,6.0
2018-11-16,10.0,13.0,28.0,41.0,9.0,1.0,12.0
2018-11-20,19.0,39.0,45.0,48.0,6.0,12.0,7.0
2018-11-23,25.0,26.0,30.0,5.0,8.0,10.0,3.0
2018-11-27,16.0,17.0,18.0,32.0,4.0,11.0,2.0
2018-11-30,10.0,12.0,23.0,26.0,3.0,1.0,12.0
2018-12-04,19.0,20.0,21.0,42.0,45.0,8.0,9.0
2018-12-07,11.0,17.0,26.0,37.0,48.0,1.0,10.0
2018-12-11,13.0,23.0,4.0,42.0,7.0,1.0,3.0
2018-12-14,12.0,29.0,38.0,42.0,44.0,12.0,2.0
2018-12-18,1.0,18.0,39.0,48.0,9.0,5.0,7.0
2018-12-21,12.0,15.0,2.0,34.0,50.0,3.0,4.0
2018-12-25,31.0,4.0,43.0,5.0,8.0,2.0,9.0
2018-12-28,13.0,16.0,34.0,35.0,45.0,10.0,12.0
2019-01-01,1.0,11.0,25.0,28.0,8.0,4.0,6.0
2019-01-04,11.0,19.0,27.0,37.0,7.0,10.0,6.0
2019-01-08,19.0,22.0,3.0,31.0,32.0,11.0,2.0
2019-01-11,1.0,19.0,31.0,39.0,48.0,1.0,6.0
2019-01-15,22.0,25.0,29.0,33.0,35.0,3.0,6.0
2019-01-18,16.0,30.0,46.0,5.0,6.0,10.0,5.0
2019-01-22,23.0,29.0,41.0,49.0,9.0,10.0,8.0
2019-01-25,1.0,13.0,15.0,16.0,6.0,10.0,6.0
2019-01-29,14.0,24.0,26.0,32.0,39.0,3.0,8.0
2019-02-01,21.0,26.0,3.0,41.0,46.0,1.0,6.0
2019-02-05,14.0,25.0,31.0,37.0,43.0,2.0,3.0
2019-02-08,11.0,12.0,13.0,39.0,46.0,10.0,7.0
2019-02-12,34.0,36.0,41.0,50.0,6.0,1.0,5.0
2019-02-15,15.0,27.0,34.0,38.0,49.0,10.0,2.0
2019-02-19,1.0,18.0,19.0,39.0,8.0,7.0,9.0
2019-02-22,27.0,29.0,3.0,33.0,50.0,3.0,7.0
2019-02-26,15.0,29.0,3.0,35.0,47.0,3.0,4.0
2019-03-01,19.0,26.0,31.0,6.0,9.0,11.0,12.0
2019-03-05,10.0,16.0,39.0,46.0,6.0,11.0,8.0
2019-03-08,17.0,18.0,19.0,24.0,40.0,4.0,8.0
2019-03-12,13.0,19.0,31.0,5.0,7.0,2.0,9.0
2019-03-15,15.0,24.0,3.0,42.0,46.0,12.0,9.0
2019-03-19,1.0,34.0,47.0,6.0,9.0,12.0,7.0
2019-03-22,17.0,26.0,30.0,4.0,43.0,11.0,6.0
2019-03-26,12.0,19.0,23.0,43.0,47.0,2.0,6.0
2019-03-29,13.0,23.0,26.0,32.0,47.0,10.0,6.0
2019-04-02,16.0,2.0,26.0,36.0,9.0,6.0,7.0
2019-04-05,1.0,10.0,29.0,45.0,7.0,3.0,5.0
2019-04-09,18.0,21.0,29.0,38.0,41.0,1.0,11.0
2019-04-12,1.0,28.0,35.0,36.0,46.0,6.0,9.0
2019-04-16,1.0,15.0,44.0,49.0,8.0,11.0,2.0
2019-04-19,32.0,41.0,49.0,7.0,8.0,11.0,5.0
2019-04-23,18.0,23.0,27.0,42.0,44.0,2.0,7.0
2019-04-26,14.0,33.0,35.0,47.0,50.0,11.0,9.0
2019-04-30,12.0,20.0,26.0,48.0,5.0,11.0,2.0
2019-05-03,2.0,20.0,27.0,43.0,9.0,5.0,6.0
2019-05-07,20.0,26.0,32.0,47.0,7.0,11.0,2.0
2019-05-10,1.0,27.0,4.0,45.0,48.0,1.0,7.0
2019-05-14,10.0,14.0,17.0,25.0,50.0,10.0,2.0
2019-05-17,16.0,28.0,42.0,43.0,45.0,6.0,7.0
2019-05-21,32.0,33.0,34.0,39.0,47.0,12.0,8.0
2019-05-24,16.0,23.0,30.0,49.0,5.0,6.0,7.0
2019-05-28,19.0,20.0,28.0,29.0,7.0,1.0,5.0
2019-05-31,1.0,23.0,24.0,26.0,35.0,1.0,11.0
2019-06-04,31.0,32.0,39.0,41.0,9.0,2.0,8.0
2019-06-07,1.0,16.0,20.0,34.0,4.0,2.0,5.0
2019-06-11,25.0,27.0,39.0,42.0,46.0,11.0,12.0
2019-06-14,1.0,13.0,30.0,31.0,39.0,2.0,7.0
2019-06-18,12.0,24.0,37.0,40.0,44.0,3.0,7.0
2019-06-21,25.0,39.0,5.0,8.0,9.0,3.0,7.0
2019-06-25,26.0,27.0,34.0,46.0,6.0,1.0,9.0
2019-06-28,1.0,16.0,3.0,33.0,49.0,11.0,2.0
2019-07-02,11.0,19.0,29.0,44.0,45.0,12.0,8.0
2019-07-05,2.0,20.0,34.0,42.0,9.0,6.0,9.0
2019-07-09,29.0,32.0,36.0,41.0,7.0,6.0,7.0
2019-07-12,2.0,31.0,39.0,45.0,47.0,4.0,8.0
2019-07-16,13.0,18.0,3.0,39.0,5.0,7.0,8.0
2019-07-19,13.0,14.0,17.0,26.0,28.0,2.0,7.0
2019-07-23,1.0,14.0,19.0,23.0,38.0,3.0,7.0
2019-07-26,2.0,27.0,37.0,42.0,5.0,10.0,3.0
2019-07-30,15.0,20.0,23.0,27.0,40.0,3.0,6.0
2019-08-02,13.0,22.0,33.0,44.0,50.0,2.0,5.0
2019-08-06,12.0,13.0,29.0,36.0,38.0,12.0,4.0
2019-08-09,14.0,2.0,35.0,41.0,42.0,10.0,11.0
2019-08-13,13.0,29.0,31.0,33.0,40.0,2.0,3.0
2019-08-16,10.0,27.0,37.0,42.0,9.0,1.0,5.0
2019-08-20,20.0,22.0,23.0,24.0,37.0,1.0,4.0
2019-08-23,17.0,35.0,4.0,42.0,45.0,2.0,8.0
2019-08-27,26.0,35.0,43.0,47.0,8.0,1.0,9.0
2019-08-30,25.0,27.0,45.0,46.0,49.0,4.0,6.0
2019-09-03,11.0,38.0,39.0,44.0,7.0,10.0,7.0
2019-09-06,10.0,13.0,22.0,40.0,48.0,2.0,5.0
2019-09-10,22.0,25.0,3.0,30.0,49.0,3.0,6.0
2019-09-13,1.0,12.0,27.0,42.0,47.0,6.0,7.0
2019-09-17,22.0,37.0,43.0,44.0,45.0,1.0,12.0
2019-09-20,21.0,25.0,38.0,50.0,8.0,4.0,8.0
2019-09-24,2.0,33.0,42.0,47.0,48.0,1.0,2.0
2019-09-27,24.0,37.0,41.0,43.0,46.0,2.0,8.0
2019-10-01,11.0,18.0,2.0,40.0,46.0,1.0,4.0
2019-10-04,35.0,41.0,44.0,6.0,9.0,6.0,9.0
2019-10-08,10.0,15.0,44.0,49.0,7.0,12.0,3.0
2019-10-11,14.0,19.0,2.0,42.0,45.0,5.0,6.0
2019-10-15,28.0,3.0,31.0,32.0,34.0,4.0,5.0
2019-10-18,18.0,22.0,41.0,42.0,8.0,11.0,12.0
2019-10-22,2.0,32.0,33.0,47.0,5.0,7.0,8.0
2019-10-25,34.0,37.0,39.0,40.0,50.0,10.0,4.0
2019-10-29,16.0,18.0,28.0,42.0,49.0,10.0,5.0
2019-11-01,2.0,20.0,39.0,44.0,48.0,5.0,7.0
2019-11-05,14.0,25.0,33.0,48.0,9.0,12.0,2.0
2019-11-08,17.0,20.0,23.0,45.0,8.0,2.0,8.0
2019-11-12,1.0,21.0,23.0,25.0,39.0,2.0,4.0
2019-11-15,13.0,20.0,3.0,32.0,34.0,11.0,4.0
2019-11-19,10.0,15.0,30.0,42.0,8.0,4.0,6.0
2019-11-22,21.0,3.0,32.0,34.0,48.0,11.0,3.0
2019-11-26,15.0,19.0,2.0,3.0,34.0,5.0,8.0
2019-11-29,12.0,3.0,42.0,50.0,7.0,6.0,8.0
2019-12-03,18.0,31.0,32.0,38.0,48.0,12.0,4.0
2019-12-06,1.0,27.0,3.0,39.0,46.0,1.0,10.0
2019-12-10,10.0,19.0,2.0,21.0,47.0,2.0,8.0
2019-12-13,16.0,18.0,23.0,32.0,9.0,10.0,2.0
2019-12-17,1.0,12.0,25.0,49.0,7.0,6.0,9.0
2019-12-20,24.0,30.0,32.0,34.0,8.0,3.0,4.0
2019-12-24,11.0,13.0,14.0,3.0,47.0,3.0,6.0
2019-12-27,1.0,22.0,26.0,35.0,7.0,10.0,5.0
2019-12-31,26.0,31.0,33.0,41.0,48.0,2.0,4.0
2020-01-03,15.0,20.0,36.0,47.0,5.0,12.0,8.0
2020-01-07,12.0,37.0,43.0,5.0,8.0,11.0,6.0
2020-01-10,17.0,32.0,44.0,46.0,6.0,2.0,6.0
2020-01-14,21.0,25.0,29.0,39.0,44.0,8.0,9.0
2020-01-17,19.0,20.0,29.0,44.0,8.0,3.0,8.0
2020-01-21,10.0,11.0,24.0,36.0,46.0,3.0,5.0
2020-01-24,24.0,3.0,4.0,6.0,9.0,5.0,8.0
2020-01-28,1.0,19.0,27.0,31.0,38.0,4.0,5.0
2020-01-31,13.0,18.0,20.0,23.0,30.0,2.0,4.0
2020-02-04,21.0,23.0,33.0,35.0,47.0,6.0,7.0
2020-02-07,15.0,17.0,25.0,40.0,9.0,3.0,9.0
2020-02-11,24.0,26.0,32.0,43.0,46.0,10.0,6.0
2020-02-14,20.0,35.0,41.0,49.0,5.0,10.0,6.0
2020-02-18,11.0,32.0,34.0,38.0,47.0,10.0,2.0
2020-02-21,23.0,30.0,32.0,45.0,7.0,5.0,9.0
2020-02-25,1.0,18.0,27.0,4.0,42.0,4.0,6.0
2020-02-28,11.0,20.0,22.0,23.0,8.0,3.0,4.0
2020-03-03,14.0,27.0,4.0,44.0,45.0,1.0,10.0
2020-03-06,15.0,38.0,43.0,45.0,46.0,1.0,11.0
2020-03-10,11.0,23.0,30.0,37.0,43.0,12.0,5.0
2020-03-13,11.0,21.0,27.0,3.0,36.0,10.0,9.0
2020-03-17,16.0,20.0,5.0,7.0,8.0,12.0,2.0
2020-03-20,20.0,3.0,34.0,40.0,9.0,12.0,6.0
2020-03-24,12.0,26.0,30.0,33.0,7.0,10.0,11.0
2020-03-27,11.0,14.0,27.0,41.0,46.0,2.0,3.0
2020-03-31,12.0,17.0,24.0,30.0,36.0,1.0,9.0
2020-04-03,16.0,19.0,34.0,46.0,50.0,2.0,6.0
2020-04-07,14.0,33.0,4.0,48.0,5.0,12.0,7.0
2020-04-10,10.0,17.0,3.0,33.0,39.0,1.0,4.0
2020-04-14,29.0,34.0,35.0,40.0,6.0,11.0,4.0
2020-04-17,16.0,28.0,32.0,37.0,45.0,1.0,11.0
2020-04-21,10.0,11.0,14.0,23.0,28.0,6.0,8.0
2020-04-24,1.0,19.0,21.0,28.0,5.0,4.0,7.0
2020-04-28,15.0,23.0,26.0,28.0,32.0,1.0,5.0
2020-05-01,19.0,20.0,38.0,45.0,47.0,2.0,6.0
2020-05-05,10.0,2.0,22.0,27.0,41.0,2.0,3.0
2020-05-08,25.0,32.0,33.0,38.0,8.0,7.0,9.0
2020-05-12,16.0,29.0,37.0,39.0,9.0,11.0,4.0
2020-05-15,11.0,23.0,32.0,34.0,39.0,1.0,6.0
2020-05-19,25.0,32.0,37.0,43.0,5.0,6.0,7.0
2020-05-22,18.0,22.0,27.0,3.0,32.0,2.0,7.0
2020-05-26,14.0,21.0,27.0,4.0,9.0,4.0,6.0
2020-05-29,11.0,19.0,4.0,46.0,8.0,4.0,8.0
2020-06-02,10.0,12.0,22.0,26.0,49.0,11.0,7.0
2020-06-05,11.0,17.0,24.0,37.0,5.0,3.0,6.0
2020-06-09,15.0,27.0,36.0,46.0,5.0,2.0,8.0
2020-06-12,2.0,24.0,39.0,45.0,46.0,4.0,8.0
2020-06-16,11.0,17.0,39.0,4.0,9.0,10.0,2.0
2020-06-19,14.0,19.0,24.0,43.0,5.0,11.0,3.0
2020-06-23,12.0,19.0,2.0,46.0,49.0,1.0,8.0
2020-06-26,1.0,10.0,12.0,21.0,26.0,11.0,5.0
2020-06-30,1.0,11.0,28.0,42.0,6.0,10.0,2.0
2020-07-03,16.0,27.0,37.0,39.0,4.0,3.0,6.0
2020-07-07,12.0,16.0,23.0,33.0,41.0,10.0,8.0
2020-07-10,15.0,17.0,23.0,30.0,38.0,2.0,7.0
2020-07-14,11.0,22.0,30.0,37.0,47.0,10.0,9.0
2020-07-17,15.0,27.0,41.0,43.0,7.0,7.0,9.0
2020-07-21,14.0,15.0,24.0,29.0,42.0,2.0,4.0
2020-07-24,27.0,28.0,50.0,8.0,9.0,12.0,4.0
2020-07-28,13.0,15.0,17.0,34.0,9.0,2.0,7.0
2020-07-31,21.0,24.0,30.0,46.0,49.0,2.0,5.0
2020-08-04,1.0,15.0,2.0,42.0,5.0,5.0,8.0
2020-08-07,20.0,21.0,36.0,41.0,5.0,11.0,6.0
2020-08-11,13.0,14.0,42.0,50.0,8.0,3.0,9.0
2020-08-14,10.0,19.0,42.0,49.0,9.0,12.0,4.0
2020-08-18,12.0,17.0,34.0,42.0,6.0,12.0,5.0
2020-08-21,10.0,15.0,35.0,44.0,50.0,3.0,5.0
2020-08-25,18.0,30.0,37.0,39.0,7.0,10.0,8.0
2020-08-28,12.0,16.0,17.0,31.0,7.0,7.0,9.0
2020-09-01,10.0,33.0,4.0,46.0,8.0,11.0,8.0
2020-09-04,22.0,29.0,40.0,43.0,6.0,4.0,7.0
2020-09-08,2.0,31.0,35.0,41.0,9.0,12.0,9.0
2020-09-11,34.0,38.0,42.0,43.0,45.0,12.0,9.0
2020-09-15,16.0,20.0,25.0,30.0,38.0,6.0,8.0
2020-09-18,10.0,19.0,2.0,25.0,45.0,1.0,7.0
2020-09-22,16.0,25.0,28.0,39.0,40.0,1.0,6.0
2020-09-25,19.0,23.0,34.0,37.0,45.0,1.0,7.0
2020-09-29,14.0,16.0,4.0,41.0,44.0,11.0,12.0
2020-10-02,12.0,15.0,40.0,45.0,6.0,3.0,9.0
2020-10-06,21.0,36.0,4.0,41.0,47.0,11.0,9.0
2020-10-09,11.0,15.0,35.0,41.0,50.0,5.0,8.0
2020-10-13,14.0,38.0,41.0,46.0,5.0,1.0,10.0
2020-10-16,15.0,33.0,38.0,40.0,50.0,3.0,6.0
2020-10-20,15.0,37.0,42.0,5.0,6.0,3.0,4.0
2020-10-23,10.0,15.0,19.0,21.0,23.0,12.0,3.0
2020-10-27,13.0,15.0,28.0,32.0,44.0,12.0,3.0
2020-10-30,12.0,16.0,20.0,21.0,28.0,3.0,9.0
2020-11-03,18.0,20.0,30.0,5.0,7.0,6.0,7.0
2020-11-06,12.0,37.0,40.0,50.0,7.0,1.0,2.0
2020-11-10,19.0,29.0,3.0,32.0,38.0,12.0,5.0
2020-11-13,1.0,17.0,28.0,31.0,5.0,1.0,10.0
2020-11-17,16.0,19.0,25.0,30.0,44.0,2.0,6.0
2020-11-20,28.0,29.0,39.0,48.0,50.0,5.0,7.0
2020-11-24,25.0,33.0,38.0,42.0,50.0,12.0,8.0
2020-11-27,14.0,16.0,2.0,5.0,8.0,8.0,9.0
2020-12-01,14.0,20.0,29.0,47.0,49.0,12.0,4.0
2020-12-04,14.0,20.0,27.0,34.0,38.0,1.0,11.0
2020-12-08,1.0,21.0,24.0,4.0,46.0,12.0,2.0
2020-12-11,13.0,24.0,41.0,6.0,9.0,12.0,3.0
2020-12-15,13.0,21.0,29.0,35.0,9.0,1.0,2.0
2020-12-18,13.0,17.0,2.0,21.0,3.0,7.0,8.0
2020-12-22,10.0,16.0,2.0,42.0,50.0,11.0,4.0
2020-12-25,16.0,21.0,27.0,30.0,32.0,3.0,5.0
2020-12-29,32.0,39.0,40.0,45.0,7.0,3.0,8.0
2021-01-01,16.0,28.0,32.0,44.0,48.0,1.0,9.0
2021-01-05,12.0,34.0,37.0,38.0,42.0,1.0,3.0
2021-01-08,18.0,23.0,37.0,41.0,42.0,4.0,6.0
2021-01-12,10.0,18.0,2.0,34.0,35.0,6.0,9.0
2021-01-15,10.0,27.0,38.0,4.0,40.0,11.0,3.0
2021-01-19,25.0,27.0,31.0,35.0,43.0,5.0,6.0
2021-01-22,16.0,42.0,44.0,47.0,8.0,6.0,7.0
2021-01-26,25.0,37.0,40.0,5.0,7.0,2.0,8.0
2021-01-29,1.0,27.0,36.0,42.0,5.0,1.0,6.0
2021-02-02,18.0,20.0,35.0,38.0,48.0,12.0,9.0
2021-02-05,12.0,19.0,37.0,44.0,45.0,2.0,6.0
2021-02-09,10.0,24.0,31.0,37.0,5.0,10.0,9.0
2021-02-12,23.0,30.0,32.0,36.0,7.0,12.0,8.0
2021-02-16,25.0,29.0,30.0,5.0,9.0,6.0,7.0
2021-02-19,12.0,25.0,4.0,46.0,48.0,12.0,7.0
2021-02-23,18.0,30.0,39.0,45.0,9.0,1.0,3.0
2021-02-26,12.0,22.0,29.0,33.0,6.0,11.0,6.0
2021-03-02,19.0,2.0,24.0,26.0,49.0,6.0,7.0
2021-03-05,39.0,4.0,46.0,48.0,5.0,10.0,7.0
2021-03-09,1.0,16.0,21.0,32.0,33.0,11.0,12.0
2021-03-12,11.0,4.0,44.0,6.0,9.0,10.0,11.0
2021-03-16,23.0,25.0,32.0,35.0,47.0,2.0,6.0
2021-03-19,3.0,35.0,43.0,44.0,9.0,1.0,10.0
2021-03-23,2.0,26.0,29.0,36.0,49.0,3.0,9.0
2021-03-26,10.0,12.0,37.0,49.0,50.0,3.0,8.0
2021-03-30,24.0,27.0,28.0,29.0,42.0,4.0,8.0
2021-04-02,21.0,34.0,4.0,40.0,47.0,2.0,5.0
2021-04-06,2.0,21.0,37.0,38.0,50.0,7.0,8.0
2021-04-09,2.0,32.0,35.0,44.0,8.0,11.0,8.0
2021-04-13,16.0,20.0,31.0,47.0,50.0,2.0,8.0
2021-04-16,11.0,29.0,40.0,48.0,6.0,5.0,9.0
2021-04-20,17.0,28.0,41.0,46.0,5.0,10.0,11.0
2021-04-23,14.0,15.0,19.0,29.0,3.0,2.0,8.0
2021-04-27,13.0,14.0,24.0,35.0,49.0,1.0,10.0
2021-04-30,1.0,16.0,24.0,28.0,46.0,11.0,2.0
2021-05-04,10.0,13.0,28.0,3.0,46.0,11.0,4.0
2021-05-07,14.0,22.0,33.0,38.0,47.0,8.0,9.0
2021-05-11,14.0,25.0,34.0,43.0,46.0,5.0,6.0
2021-05-14,16.0,18.0,29.0,38.0,6.0,11.0,6.0
2021-05-18,13.0,38.0,39.0,40.0,5.0,12.0,4.0
2021-05-21,13.0,15.0,2.0,35.0,9.0,10.0,3.0
2021-05-25,1.0,21.0,26.0,30.0,38.0,2.0,8.0
2021-05-28,11.0,13.0,16.0,34.0,40.0,1.0,12.0
2021-06-01,10.0,26.0,3.0,35.0,44.0,6.0,7.0
2021-06-04,20.0,36.0,40.0,46.0,7.0,2.0,4.0
2021-06-08,11.0,2.0,26.0,36.0,47.0,7.0,9.0
2021-06-11,17.0,21.0,33.0,39.0,9.0,11.0,7.0
2021-06-15,11.0,21.0,26.0,30.0,31.0,2.0,3.0
2021-06-18,11.0,20.0,27.0,30.0,41.0,3.0,5.0
2021-06-22,24.0,26.0,27.0,41.0,6.0,3.0,8.0
2021-06-25,1.0,29.0,30.0,33.0,36.0,12.0,3.0
2021-06-29,12.0,20.0,24.0,48.0,6.0,5.0,6.0
2021-07-02,14.0,29.0,38.0,49.0,9.0,10.0,7.0
2021-07-06,2.0,21.0,27.0,42.0,5.0,11.0,9.0
2021-07-09,19.0,36.0,37.0,49.0,6.0,11.0,4.0
2021-07-13,11.0,22.0,5.0,6.0,8.0,3.0,4.0
2021-07-16,16.0,42.0,47.0,49.0,5.0,11.0,3.0
2021-07-20,12.0,19.0,3.0,41.0,48.0,6.0,9.0
2021-07-23,23.0,24.0,26.0,34.0,50.0,2.0,4.0
2021-07-27,19.0,21.0,25.0,5.0,9.0,10.0,12.0
2021-07-30,10.0,23.0,33.0,35.0,37.0,10.0,5.0
2021-08-03,17.0,21.0,23.0,45.0,46.0,11.0,7.0
2021-08-06,14.0,21.0,26.0,32.0,7.0,12.0,4.0
2021-08-10,37.0,47.0,48.0,49.0,9.0,2.0,7.0
2021-08-13,12.0,44.0,47.0,49.0,6.0,12.0,8.0
2021-08-17,12.0,31.0,41.0,42.0,47.0,4.0,6.0
2021-08-20,19.0,20.0,23.0,3.0,9.0,11.0,9.0
2021-08-24,19.0,21.0,36.0,44.0,50.0,10.0,3.0
2021-08-27,2.0,3.0,31.0,46.0,50.0,12.0,8.0
2021-08-31,13.0,17.0,32.0,43.0,5.0,10.0,2.0
2021-09-03,13.0,29.0,35.0,5.0,7.0,3.0,7.0
2021-09-07,19.0,35.0,42.0,43.0,7.0,7.0,9.0
2021-09-10,1.0,18.0,28.0,6.0,7.0,2.0,8.0
2021-09-14,12.0,18.0,35.0,38.0,45.0,2.0,8.0
2021-09-17,10.0,34.0,5.0,7.0,8.0,1.0,9.0
2021-09-21,20.0,25.0,26.0,30.0,38.0,2.0,8.0
2021-09-24,12.0,2.0,20.0,27.0,41.0,10.0,12.0
2021-09-28,12.0,33.0,39.0,6.0,7.0,1.0,7.0
2021-10-01,1.0,15.0,19.0,26.0,48.0,12.0,6.0
2021-10-05,11.0,13.0,14.0,36.0,45.0,7.0,9.0
2021-10-08,1.0,10.0,23.0,42.0,46.0,3.0,5.0
2021-10-12,13.0,22.0,45.0,49.0,6.0,10.0,11.0
2021-10-15,21.0,26.0,31.0,34.0,49.0,2.0,5.0
2021-10-19,20.0,36.0,4.0,40.0,41.0,1.0,6.0
2021-10-22,12.0,17.0,22.0,33.0,39.0,12.0,2.0
2021-10-26,12.0,15.0,20.0,42.0,44.0,1.0,2.0
2021-10-29,10.0,15.0,28.0,32.0,49.0,3.0,9.0
2021-11-02,17.0,2.0,29.0,3.0,43.0,1.0,4.0
2021-11-05,12.0,2.0,25.0,30.0,41.0,11.0,8.0
2021-11-09,17.0,25.0,26.0,33.0,36.0,1.0,8.0
2021-11-12,15.0,2.0,47.0,50.0,9.0,6.0,9.0
2021-11-16,19.0,21.0,32.0,36.0,9.0,3.0,4.0
2021-11-19,22.0,26.0,38.0,47.0,50.0,2.0,6.0
2021-11-23,17.0,21.0,36.0,42.0,46.0,10.0,7.0
2021-11-26,1.0,20.0,41.0,42.0,50.0,3.0,7.0
2021-11-30,19.0,20.0,26.0,33.0,43.0,1.0,4.0
2021-12-03,21.0,22.0,29.0,32.0,46.0,10.0,9.0
2021-12-07,22.0,31.0,38.0,46.0,47.0,11.0,7.0
2021-12-10,11.0,21.0,33.0,38.0,42.0,2.0,8.0
2021-12-14,19.0,21.0,37.0,47.0,48.0,3.0,6.0
2021-12-17,1.0,15.0,2.0,30.0,35.0,2.0,7.0
2021-12-21,12.0,17.0,21.0,34.0,38.0,2.0,3.0
2021-12-24,2.0,26.0,28.0,34.0,41.0,10.0,5.0
2021-12-28,15.0,17.0,29.0,4.0,6.0,12.0,9.0
2021-12-31,22.0,25.0,43.0,49.0,7.0,6.0,7.0
2022-01-04,18.0,28.0,35.0,36.0,41.0,11.0,6.0
2022-01-07,14.0,2.0,37.0,44.0,50.0,11.0,7.0
2022-01-11,23.0,32.0,33.0,4.0,44.0,12.0,9.0
2022-01-14,17.0,25.0,31.0,46.0,6.0,12.0,9.0
2022-01-18,12.0,19.0,24.0,3.0,30.0,2.0,5.0
2022-01-21,14.0,35.0,36.0,39.0,5.0,12.0,7.0
2022-01-25,16.0,18.0,39.0,47.0,6.0,2.0,4.0
2022-01-28,10.0,25.0,29.0,34.0,45.0,10.0,9.0
2022-02-01,1.0,19.0,36.0,38.0,49.0,6.0,9.0
2022-02-04,25.0,3.0,38.0,43.0,49.0,3.0,7.0
2022-02-08,20.0,34.0,37.0,43.0,6.0,10.0,7.0
2022-02-11,13.0,18.0,38.0,42.0,45.0,11.0,7.0
2022-02-15,20.0,31.0,33.0,44.0,9.0,12.0,2.0
2022-02-18,25.0,38.0,41.0,43.0,50.0,10.0,6.0
2022-02-22,14.0,26.0,32.0,5.0,9.0,3.0,7.0
2022-02-25,10.0,13.0,24.0,30.0,42.0,1.0,5.0
2022-03-01,24.0,26.0,39.0,42.0,8.0,3.0,5.0
2022-03-04,20.0,40.0,42.0,43.0,6.0,10.0,12.0
2022-03-08,12.0,18.0,21.0,25.0,31.0,2.0,9.0
2022-03-11,12.0,19.0,22.0,23.0,48.0,2.0,6.0
2022-03-15,1.0,12.0,19.0,2.0,26.0,2.0,8.0
2022-03-18,1.0,14.0,17.0,43.0,9.0,12.0,6.0
2022-03-22,17.0,21.0,29.0,40.0,7.0,11.0,8.0
2022-03-25,10.0,24.0,27.0,29.0,6.0,12.0,5.0
2022-03-29,11.0,33.0,42.0,43.0,8.0,11.0,6.0
2022-04-01,2.0,21.0,31.0,45.0,7.0,10.0,4.0
2022-04-05,1.0,11.0,13.0,24.0,49.0,5.0,6.0
2022-04-08,1.0,15.0,16.0,38.0,45.0,11.0,4.0
2022-04-12,21.0,30.0,31.0,35.0,47.0,10.0,2.0
2022-04-15,24.0,30.0,32.0,48.0,6.0,5.0,6.0
2022-04-19,12.0,17.0,2.0,28.0,46.0,10.0,6.0
2022-04-22,11.0,21.0,35.0,36.0,6.0,1.0,9.0
2022-04-26,25.0,28.0,34.0,4.0,45.0,11.0,8.0
2022-04-29,10.0,11.0,20.0,36.0,37.0,3.0,7.0
2022-05-03,20.0,26.0,47.0,48.0,8.0,3.0,8.0
2022-05-06,18.0,24.0,3.0,40.0,8.0,11.0,3.0
2022-05-10,25.0,27.0,28.0,29.0,3.0,4.0,9.0
2022-05-13,11.0,17.0,3.0,45.0,48.0,4.0,8.0
2022-05-17,28.0,30.0,48.0,49.0,5.0,11.0,5.0
2022-05-20,22.0,23.0,32.0,50.0,8.0,3.0,9.0
2022-05-24,10.0,13.0,27.0,36.0,37.0,10.0,2.0
2022-05-27,15.0,23.0,28.0,34.0,48.0,3.0,5.0
2022-05-31,10.0,13.0,3.0,42.0,49.0,3.0,9.0
2022-06-03,12.0,28.0,29.0,34.0,48.0,11.0,9.0
2022-06-07,16.0,17.0,25.0,31.0,6.0,2.0,6.0
2022-06-10,17.0,26.0,36.0,37.0,40.0,12.0,9.0
2022-06-14,2.0,27.0,34.0,40.0,7.0,11.0,3.0
2022-06-17,19.0,21.0,22.0,31.0,38.0,11.0,7.0
2022-06-21,23.0,36.0,39.0,47.0,6.0,10.0,8.0
2022-06-24,10.0,17.0,28.0,44.0,50.0,12.0,8.0
2022-06-28,10.0,35.0,42.0,47.0,48.0,11.0,2.0
2022-07-01,18.0,24.0,34.0,46.0,6.0,12.0,3.0
2022-07-05,10.0,25.0,45.0,48.0,7.0,3.0,6.0
2022-07-08,28.0,31.0,35.0,43.0,46.0,4.0,7.0
2022-07-12,14.0,18.0,24.0,25.0,50.0,11.0,6.0
2022-07-15,17.0,29.0,38.0,39.0,9.0,10.0,7.0
2022-07-19,23.0,27.0,40.0,41.0,6.0,12.0,2.0
2022-07-22,16.0,18.0,29.0,32.0,50.0,11.0,4.0
2022-07-26,17.0,25.0,27.0,3.0,5.0,1.0,9.0
2022-07-29,23.0,3.0,38.0,43.0,48.0,3.0,8.0
2022-08-02,18.0,28.0,40.0,48.0,7.0,11.0,8.0
2022-08-05,29.0,3.0,33.0,35.0,44.0,10.0,8.0
2022-08-09,18.0,19.0,21.0,27.0,47.0,11.0,5.0
2022-08-12,14.0,17.0,34.0,35.0,42.0,10.0,6.0
2022-08-16,10.0,14.0,25.0,32.0,39.0,7.0,8.0
2022-08-19,13.0,19.0,2.0,38.0,9.0,2.0,6.0
2022-08-23,19.0,26.0,31.0,39.0,48.0,2.0,3.0
2022-08-26,22.0,23.0,25.0,38.0,44.0,11.0,12.0
2022-08-30,10.0,15.0,19.0,4.0,6.0,1.0,4.0
2022-09-02,12.0,13.0,20.0,45.0,7.0,12.0,3.0
2022-09-06,10.0,22.0,29.0,44.0,7.0,4.0,5.0
2022-09-09,17.0,23.0,24.0,26.0,27.0,4.0,9.0
2022-09-13,12.0,15.0,40.0,47.0,9.0,1.0,11.0
2022-09-16,10.0,27.0,36.0,45.0,49.0,3.0,4.0
2022-09-20,11.0,21.0,23.0,32.0,48.0,12.0,3.0
2022-09-23,14.0,15.0,22.0,35.0,48.0,3.0,8.0
2022-09-27,20.0,21.0,34.0,4.0,44.0,1.0,3.0
2022-09-30,1.0,11.0,16.0,2.0,26.0,12.0,3.0
2022-10-04,18.0,28.0,3.0,42.0,43.0,12.0,3.0
2022-10-07,26.0,27.0,42.0,45.0,50.0,1.0,12.0
2022-10-11,23.0,32.0,35.0,40.0,8.0,1.0,8.0
2022-10-14,24.0,28.0,29.0,34.0,48.0,3.0,7.0
2022-10-18,13.0,3.0,42.0,48.0,5.0,1.0,6.0
2022-10-21,25.0,26.0,28.0,38.0,40.0,1.0,6.0
2022-10-25,24.0,34.0,39.0,46.0,7.0,1.0,6.0
2022-10-28,14.0,16.0,21.0,28.0,35.0,1.0,11.0
2022-11-01,19.0,37.0,42.0,47.0,48.0,1.0,6.0
2022-11-04,11.0,2.0,37.0,45.0,47.0,2.0,3.0
2022-11-08,3.0,32.0,33.0,5.0,50.0,1.0,8.0
2022-11-11,19.0,2.0,24.0,25.0,44.0,10.0,2.0
2022-11-15,13.0,21.0,24.0,31.0,33.0,1.0,12.0
2022-11-18,13.0,16.0,19.0,35.0,41.0,1.0,11.0
2022-11-22,21.0,22.0,24.0,29.0,42.0,11.0,3.0
2022-11-25,19.0,21.0,35.0,37.0,39.0,2.0,6.0
2022-11-29,15.0,20.0,24.0,35.0,38.0,12.0,8.0
2022-12-02,12.0,21.0,35.0,39.0,45.0,11.0,6.0
2022-12-06,12.0,20.0,25.0,26.0,27.0,12.0,8.0
2022-12-09,27.0,31.0,46.0,50.0,8.0,1.0,3.0
2022-12-13,12.0,26.0,3.0,30.0,9.0,10.0,11.0
2022-12-16,15.0,19.0,2.0,35.0,44.0,2.0,7.0
2022-12-20,1.0,11.0,17.0,20.0,27.0,4.0,5.0
2022-12-23,16.0,17.0,23.0,26.0,35.0,11.0,5.0
2022-12-27,19.0,31.0,33.0,34.0,43.0,3.0,5.0
2022-12-30,17.0,34.0,42.0,47.0,48.0,1.0,9.0
2023-01-03,20.0,21.0,29.0,45.0,46.0,10.0,3.0
2023-01-06,16.0,31.0,35.0,44.0,45.0,12.0,4.0
2023-01-10,11.0,13.0,34.0,40.0,42.0,10.0,3.0
2023-01-13,13.0,25.0,33.0,37.0,4.0,10.0,5.0
2023-01-17,18.0,21.0,30.0,46.0,50.0,2.0,6.0
2023-01-20,13.0,3.0,40.0,42.0,6.0,11.0,7.0
2023-01-24,11.0,27.0,41.0,43.0,47.0,11.0,7.0
2023-01-27,15.0,19.0,31.0,8.0,9.0,10.0,12.0
2023-01-31,12.0,19.0,33.0,43.0,7.0,3.0,7.0
2023-02-03,14.0,17.0,2.0,32.0,45.0,10.0,3.0
2023-02-07,2.0,34.0,44.0,47.0,8.0,3.0,9.0
2023-02-10,13.0,25.0,3.0,36.0,47.0,3.0,8.0
2023-02-14,24.0,26.0,38.0,43.0,46.0,2.0,3.0
2023-02-17,23.0,27.0,42.0,45.0,8.0,1.0,9.0
2023-02-21,21.0,22.0,34.0,41.0,49.0,2.0,7.0
2023-02-24,23.0,34.0,42.0,48.0,7.0,1.0,3.0
2023-02-28,12.0,29.0,33.0,37.0,47.0,10.0,5.0
2023-03-03,24.0,3.0,50.0,6.0,8.0,10.0,11.0
2023-03-07,11.0,13.0,24.0,35.0,50.0,11.0,6.0
2023-03-10,16.0,37.0,38.0,48.0,9.0,2.0,7.0
2023-03-14,16.0,26.0,28.0,31.0,46.0,11.0,12.0
2023-03-17,15.0,26.0,37.0,49.0,5.0,11.0,8.0
2023-03-21,1.0,20.0,29.0,32.0,9.0,2.0,3.0
2023-03-24,12.0,25.0,36.0,46.0,5.0,10.0,6.0
2023-03-28,16.0,21.0,34.0,36.0,44.0,10.0,9.0
2023-03-31,16.0,18.0,28.0,34.0,47.0,10.0,5.0
2023-04-04,10.0,16.0,31.0,33.0,50.0,3.0,8.0
2023-04-07,26.0,28.0,36.0,46.0,5.0,12.0,6.0
2023-04-11,10.0,14.0,16.0,19.0,29.0,10.0,2.0
2023-04-14,11.0,37.0,4.0,44.0,49.0,6.0,7.0
2023-04-18,17.0,21.0,23.0,35.0,37.0,10.0,11.0
2023-04-21,18.0,33.0,42.0,7.0,8.0,2.0,8.0
2023-04-25,10.0,29.0,30.0,40.0,45.0,1.0,12.0
2023-04-28,11.0,13.0,16.0,23.0,34.0,1.0,10.0
2023-05-02,32.0,44.0,47.0,48.0,7.0,7.0,8.0
2023-05-05,18.0,3.0,34.0,49.0,8.0,3.0,7.0
2023-05-09,13.0,17.0,21.0,28.0,46.0,7.0,9.0
2023-05-12,10.0,13.0,39.0,44.0,9.0,4.0,6.0
2023-05-16,14.0,37.0,4.0,6.0,9.0,11.0,4.0
2023-05-19,18.0,27.0,34.0,41.0,49.0,3.0,9.0
2023-05-23,14.0,23.0,34.0,5.0,6.0,11.0,2.0
2023-05-26,15.0,25.0,37.0,38.0,41.0,1.0,7.0
2023-05-30,27.0,29.0,32.0,33.0,47.0,2.0,8.0
2023-06-02,12.0,15.0,25.0,3.0,43.0,10.0,11.0
2023-06-06,13.0,21.0,32.0,39.0,50.0,10.0,2.0
2023-06-09,18.0,26.0,36.0,41.0,50.0,11.0,12.0
2023-06-13,15.0,16.0,21.0,41.0,50.0,5.0,6.0
2023-06-16,26.0,34.0,41.0,44.0,7.0,11.0,9.0
2023-06-20,11.0,17.0,28.0,32.0,35.0,5.0,6.0
2023-06-23,1.0,11.0,3.0,33.0,46.0,10.0,11.0
2023-06-27,17.0,22.0,23.0,27.0,44.0,1.0,7.0
2023-06-30,1.0,25.0,29.0,36.0,6.0,10.0,7.0
2023-07-04,14.0,17.0,23.0,36.0,44.0,2.0,8.0
2023-07-07,11.0,12.0,19.0,2.0,38.0,4.0,8.0
2023-07-11,11.0,2.0,28.0,42.0,48.0,4.0,9.0
2023-07-14,29.0,35.0,48.0,5.0,8.0,5.0,6.0
2023-07-18,12.0,34.0,35.0,4.0,45.0,1.0,9.0
2023-07-21,31.0,33.0,35.0,36.0,7.0,10.0,7.0
2023-07-25,11.0,27.0,37.0,5.0,7.0,12.0,6.0
2023-07-28,32.0,33.0,34.0,38.0,7.0,6.0,9.0
2023-08-01,25.0,27.0,35.0,40.0,45.0,11.0,7.0
2023-08-04,15.0,20.0,31.0,44.0,48.0,1.0,3.0
2023-08-08,33.0,35.0,40.0,8.0,9.0,3.0,6.0
2023-08-11,10.0,13.0,34.0,4.0,6.0,3.0,5.0
2023-08-15,3.0,32.0,43.0,5.0,9.0,10.0,6.0
2023-08-18,23.0,25.0,30.0,44.0,47.0,12.0,9.0
2023-08-22,2.0,23.0,32.0,40.0,9.0,6.0,7.0
2023-08-25,16.0,17.0,34.0,35.0,44.0,10.0,5.0
2023-08-29,21.0,23.0,32.0,40.0,49.0,11.0,8.0
2023-09-01,35.0,37.0,4.0,43.0,5.0,5.0,6.0
2023-09-05,1.0,24.0,41.0,48.0,7.0,10.0,12.0
2023-09-08,10.0,20.0,21.0,26.0,33.0,3.0,4.0
2023-09-12,14.0,36.0,40.0,42.0,5.0,11.0,2.0
2023-09-15,12.0,14.0,21.0,45.0,48.0,11.0,8.0
2023-09-19,10.0,15.0,31.0,41.0,42.0,2.0,5.0
2023-09-22,23.0,24.0,3.0,34.0,35.0,5.0,8.0
2023-09-26,14.0,19.0,2.0,23.0,6.0,5.0,7.0
2023-09-29,11.0,13.0,21.0,32.0,9.0,2.0,7.0
2023-10-03,20.0,22.0,24.0,45.0,6.0,4.0,5.0
2023-10-06,21.0,29.0,31.0,34.0,43.0,2.0,9.0
2023-10-10,18.0,20.0,22.0,33.0,43.0,3.0,9.0
2023-10-13,21.0,26.0,28.0,40.0,41.0,2.0,4.0
2023-10-17,10.0,17.0,20.0,35.0,40.0,3.0,4.0
2023-10-20,2.0,20.0,28.0,40.0,45.0,1.0,5.0
2023-10-24,16.0,18.0,31.0,34.0,8.0,6.0,9.0
2023-10-27,29.0,33.0,35.0,48.0,49.0,3.0,8.0
2023-10-31,20.0,40.0,5.0,50.0,7.0,10.0,2.0
2023-11-03,21.0,31.0,39.0,47.0,8.0,5.0,9.0
2023-11-07,10.0,11.0,30.0,39.0,8.0,10.0,4.0
2023-11-10,10.0,21.0,30.0,38.0,42.0,12.0,2.0
2023-11-14,13.0,16.0,36.0,44.0,50.0,3.0,5.0
2023-11-17,2.0,24.0,26.0,46.0,50.0,2.0,7.0
2023-11-21,19.0,29.0,34.0,46.0,47.0,2.0,3.0
2023-11-24,15.0,20.0,29.0,39.0,48.0,1.0,7.0
2023-11-28,12.0,16.0,27.0,33.0,44.0,7.0,8.0
2023-12-01,10.0,14.0,38.0,4.0,50.0,12.0,9.0
2023-12-05,20.0,24.0,25.0,4.0,6.0,5.0,9.0
2023-12-08,17.0,30.0,42.0,48.0,50.0,4.0,8.0
2023-12-12,28.0,37.0,39.0,43.0,6.0,12.0,9.0
2023-12-15,13.0,2.0,37.0,38.0,48.0,5.0,9.0
2023-12-19,10.0,20.0,41.0,43.0,45.0,12.0,2.0
2023-12-22,14.0,34.0,44.0,49.0,6.0,12.0,4.0
2023-12-26,27.0,30.0,35.0,47.0,8.0,10.0,9.0
2023-12-29,19.0,2.0,3.0,36.0,37.0,6.0,9.0
2024-01-02,15.0,18.0,46.0,49.0,7.0,10.0,12.0
2024-01-05,18.0,39.0,4.0,50.0,7.0,3.0,8.0
2024-01-09,12.0,2.0,39.0,40.0,9.0,1.0,3.0
2024-01-12,16.0,17.0,18.0,45.0,49.0,12.0,9.0
2024-01-16,10.0,18.0,21.0,33.0,45.0,12.0,8.0
2024-01-19,27.0,28.0,44.0,48.0,50.0,12.0,7.0
2024-01-23,14.0,23.0,39.0,48.0,50.0,12.0,3.0
2024-01-26,19.0,32.0,41.0,42.0,8.0,12.0,9.0
2024-01-30,10.0,19.0,27.0,30.0,5.0,5.0,6.0
2024-02-02,13.0,20.0,23.0,27.0,42.0,5.0,9.0
2024-02-06,2.0,21.0,28.0,45.0,7.0,11.0,5.0
2024-02-09,23.0,24.0,35.0,37.0,45.0,12.0,9.0
2024-02-13,13.0,17.0,18.0,20.0,46.0,4.0,9.0
2024-02-16,13.0,14.0,24.0,26.0,8.0,1.0,2.0
2024-02-20,23.0,31.0,37.0,42.0,48.0,3.0,7.0
2024-02-23,24.0,27.0,28.0,30.0,49.0,1.0,12.0
2024-02-27,12.0,20.0,3.0,4.0,9.0,5.0,6.0
2024-03-01,19.0,20.0,34.0,4.0,7.0,2.0,4.0
2024-03-05,15.0,17.0,2.0,23.0,36.0,3.0,8.0
2024-03-08,11.0,12.0,16.0,44.0,8.0,4.0,7.0
2024-03-12,13.0,19.0,30.0,38.0,46.0,12.0,4.0
2024-03-15,1.0,31.0,34.0,4.0,40.0,4.0,5.0
2024-03-19,16.0,18.0,20.0,32.0,7.0,1.0,3.0
2024-03-22,11.0,23.0,32.0,44.0,8.0,10.0,9.0
2024-03-26,13.0,14.0,2.0,26.0,29.0,5.0,6.0
2024-03-29,16.0,17.0,35.0,36.0,49.0,1.0,10.0
2024-04-02,1.0,23.0,31.0,36.0,48.0,5.0,8.0
2024-04-05,13.0,18.0,26.0,35.0,37.0,11.0,8.0
2024-04-09,19.0,23.0,26.0,27.0,46.0,10.0,2.0
2024-04-12,12.0,16.0,2.0,3.0,45.0,11.0,2.0
2024-04-16,22.0,29.0,31.0,39.0,46.0,3.0,7.0
2024-04-19,10.0,20.0,40.0,44.0,46.0,1.0,3.0
2024-04-23,11.0,32.0,49.0,6.0,9.0,10.0,2.0
2024-04-26,2.0,20.0,39.0,40.0,47.0,4.0,8.0
2024-04-30,13.0,22.0,24.0,33.0,47.0,1.0,5.0
2024-05-03,10.0,30.0,49.0,6.0,9.0,3.0,4.0
2024-05-07,35.0,36.0,41.0,42.0,45.0,11.0,6.0
2024-05-10,13.0,28.0,29.0,44.0,48.0,12.0,4.0
2024-05-14,17.0,2.0,28.0,35.0,8.0,7.0,9.0
2024-05-17,18.0,31.0,32.0,41.0,46.0,1.0,10.0
2024-05-21,11.0,13.0,14.0,34.0,48.0,7.0,9.0
2024-05-24,12.0,18.0,22.0,50.0,9.0,1.0,3.0
2024-05-28,16.0,18.0,35.0,36.0,41.0,6.0,7.0
2024-05-31,16.0,33.0,34.0,4.0,7.0,7.0,8.0
2024-06-04,14.0,43.0,6.0,7.0,9.0,3.0,4.0
2024-06-07,15.0,16.0,26.0,30.0,37.0,5.0,8.0
2024-06-11,15.0,34.0,45.0,48.0,7.0,7.0,9.0
2024-06-14,13.0,16.0,2.0,24.0,32.0,1.0,7.0
2024-06-18,11.0,3.0,33.0,34.0,36.0,1.0,12.0
2024-06-21,11.0,17.0,3.0,4.0,7.0,12.0,3.0
2024-06-25,14.0,16.0,37.0,45.0,49.0,5.0,7.0
2024-06-28,10.0,16.0,18.0,22.0,35.0,1.0,10.0
2024-07-02,2.0,34.0,35.0,46.0,7.0,6.0,8.0
2024-07-05,11.0,13.0,29.0,31.0,47.0,1.0,11.0
2024-07-09,15.0,19.0,28.0,39.0,6.0,11.0,7.0
2024-07-12,12.0,18.0,24.0,25.0,39.0,10.0,8.0
2024-07-16,2.0,32.0,35.0,36.0,39.0,7.0,8.0
2024-07-19,15.0,22.0,35.0,44.0,48.0,6.0,7.0
2024-07-23,10.0,16.0,34.0,4.0,8.0,4.0,8.0
2024-07-26,19.0,23.0,35.0,37.0,4.0,4.0,8.0
2024-07-30,25.0,28.0,37.0,38.0,9.0,2.0,8.0
2024-08-02,12.0,33.0,46.0,5.0,7.0,12.0,3.0
2024-08-06,1.0,18.0,27.0,41.0,50.0,12.0,2.0
2024-08-09,21.0,23.0,25.0,33.0,44.0,10.0,4.0
2024-08-13,15.0,16.0,39.0,40.0,47.0,1.0,6.0
2024-08-16,15.0,17.0,29.0,45.0,49.0,1.0,10.0
2024-08-20,10.0,13.0,18.0,26.0,7.0,12.0,3.0
2024-08-23,15.0,24.0,47.0,50.0,9.0,8.0,9.0
2024-08-27,1.0,11.0,42.0,47.0,8.0,11.0,4.0
2024-08-30,24.0,27.0,3.0,33.0,42.0,4.0,6.0
2024-09-03,11.0,16.0,45.0,7.0,9.0,2.0,5.0
2024-09-06,12.0,14.0,34.0,41.0,47.0,3.0,4.0
2024-09-10,29.0,46.0,47.0,48.0,6.0,2.0,9.0
2024-09-13,10.0,15.0,17.0,31.0,42.0,12.0,4.0
2024-09-17,20.0,30.0,32.0,41.0,44.0,1.0,10.0
2024-09-20,16.0,25.0,29.0,34.0,37.0,3.0,7.0
2024-09-24,18.0,20.0,21.0,36.0,49.0,3.0,5.0
2024-09-27,20.0,21.0,27.0,38.0,7.0,12.0,5.0
2024-10-01,22.0,29.0,41.0,42.0,8.0,11.0,9.0
2024-10-04,16.0,17.0,20.0,4.0,8.0,1.0,6.0
2024-10-08,14.0,19.0,34.0,40.0,7.0,6.0,8.0
2024-10-11,16.0,23.0,32.0,46.0,49.0,4.0,5.0
2024-10-15,15.0,2.0,32.0,36.0,48.0,3.0,9.0
2024-10-18,15.0,23.0,30.0,39.0,4.0,1.0,12.0
2024-10-22,13.0,27.0,3.0,30.0,46.0,1.0,2.0
2024-10-25,17.0,20.0,25.0,4.0,45.0,8.0,9.0
2024-10-29,1.0,19.0,2.0,30.0,45.0,10.0,12.0
2024-11-01,33.0,38.0,44.0,50.0,7.0,2.0,7.0
2024-11-05,1.0,19.0,37.0,50.0,8.0,6.0,9.0
2024-11-08,2.0,33.0,35.0,42.0,48.0,1.0,3.0
2024-11-12,10.0,11.0,12.0,22.0,50.0,1.0,10.0
2024-11-15,34.0,39.0,44.0,7.0,8.0,2.0,6.0
2024-11-19,13.0,20.0,28.0,4.0,49.0,12.0,7.0
2024-11-22,10.0,11.0,12.0,29.0,31.0,11.0,8.0
2024-11-26,11.0,25.0,31.0,40.0,7.0,12.0,9.0
2024-11-29,17.0,18.0,29.0,43.0,8.0,5.0,9.0
2024-12-03,23.0,25.0,34.0,46.0,47.0,6.0,8.0
2024-12-06,14.0,25.0,39.0,44.0,47.0,10.0,6.0
2024-12-10,24.0,25.0,29.0,47.0,5.0,5.0,9.0
2024-12-13,1.0,15.0,25.0,42.0,50.0,10.0,4.0
2024-12-17,1.0,21.0,29.0,3.0,4.0,2.0,7.0
2024-12-20,10.0,14.0,21.0,33.0,50.0,6.0,9.0
2024-12-24,10.0,16.0,23.0,24.0,6.0,11.0,12.0
2024-12-27,12.0,22.0,27.0,33.0,45.0,4.0,8.0
2024-12-31,19.0,24.0,26.0,28.0,33.0,12.0,8.0
2025-01-03,19.0,29.0,3.0,35.0,37.0,1.0,9.0
2025-01-07,20.0,33.0,35.0,41.0,47.0,12.0,4.0
2025-01-10,12.0,27.0,36.0,37.0,42.0,6.0,7.0
2025-01-14,18.0,20.0,29.0,41.0,48.0,5.0,9.0
2025-01-17,15.0,24.0,35.0,42.0,8.0,6.0,8.0
2025-01-21,14.0,27.0,41.0,6.0,8.0,4.0,5.0
2025-01-24,11.0,19.0,2.0,30.0,49.0,3.0,8.0
2025-01-28,37.0,41.0,42.0,49.0,9.0,1.0,9.0
2025-01-31,22.0,30.0,41.0,44.0,49.0,2.0,7.0
2025-02-04,29.0,3.0,39.0,4.0,43.0,10.0,5.0
2025-02-07,10.0,23.0,24.0,29.0,45.0,10.0,8.0
2025-02-11,21.0,3.0,36.0,41.0,46.0,1.0,6.0
2025-02-14,14.0,31.0,36.0,38.0,4.0,10.0,3.0
2025-02-18,14.0,25.0,26.0,40.0,5.0,5.0,7.0
2025-02-21,1.0,11.0,20.0,3.0,43.0,11.0,2.0
2025-02-25,17.0,22.0,23.0,24.0,44.0,11.0,6.0
2025-02-28,16.0,31.0,43.0,46.0,7.0,5.0,9.0
2025-03-04,15.0,20.0,29.0,35.0,42.0,2.0,9.0
2025-03-07,10.0,27.0,32.0,48.0,6.0,3.0,8.0
2025-03-11,13.0,36.0,37.0,42.0,47.0,11.0,7.0
2025-03-14,10.0,33.0,35.0,49.0,8.0,2.0,9.0
2025-03-18,35.0,4.0,46.0,50.0,9.0,11.0,8.0
2025-03-21,17.0,18.0,21.0,50.0,9.0,12.0,5.0
2025-03-25,1.0,18.0,3.0,33.0,36.0,2.0,6.0
2025-03-28,10.0,21.0,30.0,42.0,45.0,1.0,9.0
2025-04-01,24.0,30.0,46.0,49.0,9.0,12.0,4.0
2025-04-04,27.0,39.0,41.0,45.0,50.0,5.0,7.0
2025-04-08,14.0,15.0,3.0,48.0,49.0,1.0,7.0
2025-04-11,14.0,28.0,34.0,46.0,49.0,3.0,8.0
2025-04-15,3.0,31.0,33.0,38.0,44.0,12.0,6.0
2025-04-18,20.0,27.0,35.0,39.0,48.0,3.0,8.0
2025-04-22,28.0,33.0,37.0,47.0,7.0,12.0,9.0
2025-04-25,13.0,22.0,32.0,39.0,41.0,1.0,12.0
2025-04-29,2.0,24.0,30.0,41.0,9.0,1.0,11.0
2025-05-02,19.0,21.0,3.0,49.0,5.0,1.0,10.0
2025-05-06,23.0,24.0,47.0,48.0,8.0,4.0,9.0
2025-05-09,15.0,18.0,25.0,29.0,47.0,5.0,9.0
2025-05-13,19.0,44.0,47.0,50.0,9.0,2.0,9.0
2025-05-16,25.0,37.0,46.0,6.0,9.0,12.0,6.0
2025-05-20,1.0,13.0,29.0,47.0,8.0,5.0,6.0
2025-05-23,10.0,29.0,43.0,46.0,49.0,12.0,7.0
2025-05-27,12.0,30.0,38.0,40.0,41.0,12.0,4.0
2025-05-30,14.0,33.0,36.0,4.0,7.0,1.0,5.0
2025-06-03,12.0,15.0,38.0,47.0,48.0,5.0,7.0
2025-06-06,20.0,21.0,29.0,30.0,35.0,12.0,2.0
2025-06-10,19.0,36.0,39.0,40.0,45.0,5.0,6.0
2025-06-13,2.0,28.0,40.0,43.0,45.0,3.0,7.0
2025-06-17,13.0,22.0,23.0,44.0,49.0,3.0,5.0
2025-06-20,24.0,37.0,47.0,5.0,8.0,3.0,9.0
2025-06-24,16.0,21.0,23.0,39.0,7.0,11.0,7.0
2025-06-27,19.0,27.0,36.0,45.0,49.0,10.0,7.0
2025-07-01,1.0,17.0,28.0,32.0,34.0,7.0,8.0
2025-07-04,19.0,29.0,42.0,45.0,48.0,5.0,7.0
2025-07-08,1.0,18.0,50.0,8.0,9.0,1.0,5.0
2025-07-11,23.0,24.0,45.0,49.0,8.0,10.0,2.0
2025-07-15,24.0,38.0,41.0,45.0,49.0,1.0,6.0
2025-07-18,13.0,19.0,25.0,42.0,45.0,2.0,9.0
2025-07-22,15.0,26.0,33.0,41.0,8.0,10.0,9.0
2025-07-25,23.0,32.0,36.0,6.0,7.0,11.0,12.0
2025-07-29,42.0,44.0,46.0,5.0,6.0,4.0,8.0
2025-08-01,16.0,25.0,29.0,30.0,4.0,10.0,2.0
2025-08-05,1.0,3.0,42.0,47.0,5.0,10.0,5.0
2025-08-08,12.0,19.0,2.0,34.0,44.0,10.0,6.0
2025-08-12,18.0,28.0,42.0,46.0,48.0,3.0,9.0
2025-08-15,13.0,30.0,35.0,36.0,40.0,2.0,6.0
2025-08-19,24.0,31.0,34.0,41.0,43.0,6.0,8.0
2025-08-22,12.0,30.0,39.0,6.0,9.0,10.0,4.0
2025-08-26,14.0,2.0,38.0,42.0,45.0,10.0,11.0
2025-08-29,10.0,13.0,37.0,6.0,9.0,1.0,7.0
2025-09-02,13.0,30.0,31.0,32.0,36.0,1.0,12.0
2025-09-05,27.0,30.0,31.0,41.0,43.0,5.0,8.0
2025-09-09,13.0,24.0,3.0,39.0,40.0,2.0,8.0
2025-09-12,10.0,23.0,31.0,37.0,5.0,11.0,3.0
2025-09-16,1.0,13.0,35.0,40.0,9.0,5.0,6.0
2025-09-19,10.0,26.0,32.0,42.0,8.0,12.0,9.0
2025-09-23,11.0,13.0,24.0,29.0,33.0,2.0,5.0
2025-09-26,17.0,25.0,28.0,4.0,44.0,11.0,5.0
2025-09-30,15.0,17.0,3.0,48.0,8.0,2.0,8.0
2025-10-03,12.0,18.0,25.0,41.0,6.0,2.0,6.0
2025-10-07,24.0,39.0,42.0,43.0,48.0,5.0,8.0
2025-10-10,17.0,20.0,21.0,6.0,7.0,1.0,10.0
2025-10-14,14.0,16.0,18.0,5.0,8.0,10.0,3.0
2025-10-17,13.0,35.0,39.0,44.0,47.0,3.0,5.0
2025-10-21,24.0,29.0,40.0,42.0,5.0,12.0,6.0
2025-10-24,25.0,31.0,45.0,7.0,8.0,12.0,7.0
2025-10-28,24.0,35.0,49.0,7.0,8.0,12.0,2.0
2025-10-31,14.0,38.0,43.0,45.0,5.0,11.0,7.0
2025-11-04,25.0,28.0,45.0,6.0,9.0,1.0,4.0
2025-11-07,11.0,21.0,39.0,40.0,43.0,2.0,8.0
2025-11-11,22.0,32.0,36.0,4.0,47.0,10.0,2.0
2025-11-14,26.0,27.0,45.0,48.0,9.0,8.0,9.0
2025-11-18,15.0,2.0,21.0,4.0,48.0,12.0,6.0
2025-11-21,17.0,19.0,29.0,35.0,48.0,5.0,9.0
2025-11-25,11.0,17.0,35.0,44.0,6.0,3.0,7.0
2025-11-28,29.0,33.0,39.0,42.0,5.0,3.0,9.0
2025-12-02,13.0,14.0,20.0,4.0,41.0,12.0,6.0
2025-12-05,15.0,25.0,34.0,46.0,9.0,12.0,8.0
2025-12-09,13.0,2.0,29.0,49.0,8.0,11.0,2.0
2025-12-12,25.0,30.0,37.0,41.0,7.0,11.0,5.0
2025-12-16,14.0,16.0,40.0,41.0,44.0,10.0,2.0
